-- ============================================================
-- SEED DATA — STRUCTURAL + REFERENCE
-- ============================================================

-- ── TENANT ──────────────────────────────────────────────────
INSERT INTO tenants (id, name, slug, plan) VALUES ('a17e9d40-a011-a14e-0b0e-67b0a0dbc71f', 'Bartawi LLC', 'bartawi', 'internal');

-- ── USERS ────────────────────────────────────────────────────
INSERT INTO users (id, tenant_id, email, password_hash, full_name) VALUES
  ('c8b9de38-ad75-d771-3e75-7b9943dc6270', 'a17e9d40-a011-a14e-0b0e-67b0a0dbc71f', 'admin@bartawi.com', '$2b$12$PLACEHOLDER_HASH_CHANGE_ON_DEPLOY', 'System Administrator'),
  ('ac1c6100-2836-c60a-b54a-b0bda56d54d4', 'a17e9d40-a011-a14e-0b0e-67b0a0dbc71f', 'ahmad@bartawi.com', '$2b$12$PLACEHOLDER_HASH_CHANGE_ON_DEPLOY', 'Ahmad H.');

-- ── ROLES ────────────────────────────────────────────────────
INSERT INTO roles (id, tenant_id, name, description, is_system) VALUES
  ('4e8d73ec-84d3-d558-c1b1-e4d6d2d8659e', 'a17e9d40-a011-a14e-0b0e-67b0a0dbc71f', 'Admin', 'Full system access', true),
  ('47e5fa3d-0db1-7fcd-69bd-edcb7ccfc22c', 'a17e9d40-a011-a14e-0b0e-67b0a0dbc71f', 'Staff', 'Can log payments and complaints', true),
  ('3a3f320f-cdb4-f6dc-583d-37e6213f5d53', 'a17e9d40-a011-a14e-0b0e-67b0a0dbc71f', 'Viewer', 'Read-only access', true);

-- ── PERMISSIONS ──────────────────────────────────────────────
INSERT INTO permissions (id, resource, action, description) VALUES
  ('8bb58f66-3d24-6667-1134-7bfc13af97ea', 'rooms', 'read', 'Rooms read'),
  ('28ba359c-0b6e-c911-21f8-f3de51748c7e', 'rooms', 'write', 'Rooms write'),
  ('b95c115b-63db-7401-4bbb-07715833fb9e', 'rooms', 'delete', 'Rooms delete'),
  ('b9c5e03b-2e49-7e00-de3e-416d46cd8bb4', 'payments', 'read', 'Payments read'),
  ('a0133ef2-9593-53b9-4015-7fe5398becfe', 'payments', 'write', 'Payments write'),
  ('221d0d04-0a9a-4344-7940-4b34ba9bf1b4', 'payments', 'approve', 'Payments approve'),
  ('28a9d946-0c0b-744a-6ca4-fb6a10d83173', 'complaints', 'read', 'Complaints read'),
  ('4bd1a708-2b16-8a8c-ae07-35659c69129c', 'complaints', 'write', 'Complaints write'),
  ('f9cb7bda-5be0-c502-f3b8-51a0e062290e', 'complaints', 'resolve', 'Complaints resolve'),
  ('916e7e01-a015-afae-34c8-229365514729', 'tenants', 'read', 'Tenants read'),
  ('94953f38-d218-d54c-ab4f-f6d31f070ec5', 'tenants', 'write', 'Tenants write'),
  ('a69ab241-541f-8815-7e91-3a078981cd31', 'tenants', 'delete', 'Tenants delete'),
  ('bc81b099-0cc9-7305-d8eb-c6d149ceeb92', 'contracts', 'read', 'Contracts read'),
  ('67e5a929-1c33-02c5-4a0b-253d92a10170', 'contracts', 'write', 'Contracts write'),
  ('5e6c1473-480f-4e1d-3bf6-37eacfe39548', 'expenses', 'read', 'Expenses read'),
  ('bf67357a-ca8f-7f9a-a5ae-dea7371332b0', 'expenses', 'write', 'Expenses write'),
  ('db70c267-de4d-8e5a-f2ef-717d29aa2771', 'reports', 'read', 'Reports read'),
  ('12fb208a-f453-e366-e80b-f0f5763f96d2', 'reports', 'export', 'Reports export'),
  ('2e10fd68-b43c-b9c7-2b15-239c8e139cc8', 'settings', 'read', 'Settings read'),
  ('0242d8ff-2150-cfe7-82cb-49683d97ba35', 'settings', 'write', 'Settings write'),
  ('4ad4b8c3-f313-53e6-7279-5e69bf69f44e', 'users', 'read', 'Users read'),
  ('5b9f3197-9453-c669-4a9f-ed84ecfddc70', 'users', 'write', 'Users write'),
  ('d7046f34-d11f-728a-90ac-faa1cfce41ad', 'users', 'delete', 'Users delete'),
  ('ddd5a0dd-ce87-8a45-157c-d13d042567f6', 'sensors', 'read', 'Sensors read'),
  ('72fa6891-b62e-ff02-9ab1-7a68a713c317', 'sensors', 'configure', 'Sensors configure'),
  ('5c090a42-0a1c-d21c-fb34-2630203d34f4', 'map', 'read', 'Map read'),
  ('05f78b50-865e-cce6-0478-3f399c4e8778', 'map', 'configure', 'Map configure');

-- Admin gets all permissions
INSERT INTO role_permissions (role_id, permission_id) VALUES
  ('4e8d73ec-84d3-d558-c1b1-e4d6d2d8659e', '8bb58f66-3d24-6667-1134-7bfc13af97ea'),
  ('4e8d73ec-84d3-d558-c1b1-e4d6d2d8659e', '28ba359c-0b6e-c911-21f8-f3de51748c7e'),
  ('4e8d73ec-84d3-d558-c1b1-e4d6d2d8659e', 'b95c115b-63db-7401-4bbb-07715833fb9e'),
  ('4e8d73ec-84d3-d558-c1b1-e4d6d2d8659e', 'b9c5e03b-2e49-7e00-de3e-416d46cd8bb4'),
  ('4e8d73ec-84d3-d558-c1b1-e4d6d2d8659e', 'a0133ef2-9593-53b9-4015-7fe5398becfe'),
  ('4e8d73ec-84d3-d558-c1b1-e4d6d2d8659e', '221d0d04-0a9a-4344-7940-4b34ba9bf1b4'),
  ('4e8d73ec-84d3-d558-c1b1-e4d6d2d8659e', '28a9d946-0c0b-744a-6ca4-fb6a10d83173'),
  ('4e8d73ec-84d3-d558-c1b1-e4d6d2d8659e', '4bd1a708-2b16-8a8c-ae07-35659c69129c'),
  ('4e8d73ec-84d3-d558-c1b1-e4d6d2d8659e', 'f9cb7bda-5be0-c502-f3b8-51a0e062290e'),
  ('4e8d73ec-84d3-d558-c1b1-e4d6d2d8659e', '916e7e01-a015-afae-34c8-229365514729'),
  ('4e8d73ec-84d3-d558-c1b1-e4d6d2d8659e', '94953f38-d218-d54c-ab4f-f6d31f070ec5'),
  ('4e8d73ec-84d3-d558-c1b1-e4d6d2d8659e', 'a69ab241-541f-8815-7e91-3a078981cd31'),
  ('4e8d73ec-84d3-d558-c1b1-e4d6d2d8659e', 'bc81b099-0cc9-7305-d8eb-c6d149ceeb92'),
  ('4e8d73ec-84d3-d558-c1b1-e4d6d2d8659e', '67e5a929-1c33-02c5-4a0b-253d92a10170'),
  ('4e8d73ec-84d3-d558-c1b1-e4d6d2d8659e', '5e6c1473-480f-4e1d-3bf6-37eacfe39548'),
  ('4e8d73ec-84d3-d558-c1b1-e4d6d2d8659e', 'bf67357a-ca8f-7f9a-a5ae-dea7371332b0'),
  ('4e8d73ec-84d3-d558-c1b1-e4d6d2d8659e', 'db70c267-de4d-8e5a-f2ef-717d29aa2771'),
  ('4e8d73ec-84d3-d558-c1b1-e4d6d2d8659e', '12fb208a-f453-e366-e80b-f0f5763f96d2'),
  ('4e8d73ec-84d3-d558-c1b1-e4d6d2d8659e', '2e10fd68-b43c-b9c7-2b15-239c8e139cc8'),
  ('4e8d73ec-84d3-d558-c1b1-e4d6d2d8659e', '0242d8ff-2150-cfe7-82cb-49683d97ba35'),
  ('4e8d73ec-84d3-d558-c1b1-e4d6d2d8659e', '4ad4b8c3-f313-53e6-7279-5e69bf69f44e'),
  ('4e8d73ec-84d3-d558-c1b1-e4d6d2d8659e', '5b9f3197-9453-c669-4a9f-ed84ecfddc70'),
  ('4e8d73ec-84d3-d558-c1b1-e4d6d2d8659e', 'd7046f34-d11f-728a-90ac-faa1cfce41ad'),
  ('4e8d73ec-84d3-d558-c1b1-e4d6d2d8659e', 'ddd5a0dd-ce87-8a45-157c-d13d042567f6'),
  ('4e8d73ec-84d3-d558-c1b1-e4d6d2d8659e', '72fa6891-b62e-ff02-9ab1-7a68a713c317'),
  ('4e8d73ec-84d3-d558-c1b1-e4d6d2d8659e', '5c090a42-0a1c-d21c-fb34-2630203d34f4'),
  ('4e8d73ec-84d3-d558-c1b1-e4d6d2d8659e', '05f78b50-865e-cce6-0478-3f399c4e8778');

INSERT INTO role_permissions (role_id, permission_id) VALUES
  ('47e5fa3d-0db1-7fcd-69bd-edcb7ccfc22c', '8bb58f66-3d24-6667-1134-7bfc13af97ea'),
  ('47e5fa3d-0db1-7fcd-69bd-edcb7ccfc22c', 'b9c5e03b-2e49-7e00-de3e-416d46cd8bb4'),
  ('47e5fa3d-0db1-7fcd-69bd-edcb7ccfc22c', 'a0133ef2-9593-53b9-4015-7fe5398becfe'),
  ('47e5fa3d-0db1-7fcd-69bd-edcb7ccfc22c', '28a9d946-0c0b-744a-6ca4-fb6a10d83173'),
  ('47e5fa3d-0db1-7fcd-69bd-edcb7ccfc22c', '4bd1a708-2b16-8a8c-ae07-35659c69129c'),
  ('47e5fa3d-0db1-7fcd-69bd-edcb7ccfc22c', 'f9cb7bda-5be0-c502-f3b8-51a0e062290e'),
  ('47e5fa3d-0db1-7fcd-69bd-edcb7ccfc22c', '916e7e01-a015-afae-34c8-229365514729'),
  ('47e5fa3d-0db1-7fcd-69bd-edcb7ccfc22c', '5e6c1473-480f-4e1d-3bf6-37eacfe39548'),
  ('47e5fa3d-0db1-7fcd-69bd-edcb7ccfc22c', 'db70c267-de4d-8e5a-f2ef-717d29aa2771'),
  ('47e5fa3d-0db1-7fcd-69bd-edcb7ccfc22c', '5c090a42-0a1c-d21c-fb34-2630203d34f4');

INSERT INTO user_roles (user_id, role_id) VALUES ('c8b9de38-ad75-d771-3e75-7b9943dc6270', '4e8d73ec-84d3-d558-c1b1-e4d6d2d8659e');

-- ── CAMPS ────────────────────────────────────────────────────
INSERT INTO camps (id, tenant_id, name, code, city, total_rooms, leasable_rooms) VALUES
  ('4c935f2b-23b9-b94c-99ca-cb2ee0620045', 'a17e9d40-a011-a14e-0b0e-67b0a0dbc71f', 'Camp 1', 'C1', 'Dubai', 274, 268),
  ('1af2c34d-6c38-1b45-277f-072f900acbc1', 'a17e9d40-a011-a14e-0b0e-67b0a0dbc71f', 'Camp 2', 'C2', 'Dubai', 179, 153);

-- ── BUILDINGS ────────────────────────────────────────────────
INSERT INTO buildings (id, camp_id, code, name, floor_count, ground_block_code, upper_block_code) VALUES
  ('944d2331-7db9-a743-5e44-90d283ef03df', '4c935f2b-23b9-b94c-99ca-cb2ee0620045', 'A', 'Building A', 2, 'A', 'AA'),
  ('98bd1b18-4052-bc96-aa32-a8bf079a88af', '4c935f2b-23b9-b94c-99ca-cb2ee0620045', 'B', 'Building B', 2, 'B', 'BB'),
  ('386a2b71-223e-782d-1a89-5c7f140115b5', '4c935f2b-23b9-b94c-99ca-cb2ee0620045', 'C', 'Building C', 2, 'C', 'CC'),
  ('3da58246-a5f2-1697-f5ef-74979191554b', '4c935f2b-23b9-b94c-99ca-cb2ee0620045', 'D', 'Building D', 2, 'D', 'DD'),
  ('27a1bf8a-c338-d108-27ee-2712a0759bed', '4c935f2b-23b9-b94c-99ca-cb2ee0620045', 'E', 'Building E', 2, 'E', 'EE'),
  ('82044d9d-8bff-f73a-bc36-bba2cba99819', '4c935f2b-23b9-b94c-99ca-cb2ee0620045', 'F', 'Building F', 2, 'F', 'FF'),
  ('67270134-cfd6-1672-dada-3cfe56413378', '1af2c34d-6c38-1b45-277f-072f900acbc1', 'A', 'Building A', 2, 'A', 'AA'),
  ('2d1d0b15-807d-127f-67e1-7dc978ddfe74', '1af2c34d-6c38-1b45-277f-072f900acbc1', 'B', 'Building B', 2, 'B', 'BB'),
  ('f53e8e4f-6785-107f-25df-509fb6eb1654', '1af2c34d-6c38-1b45-277f-072f900acbc1', 'C', 'Building C', 2, 'C', 'CC'),
  ('46778a77-f067-6ffd-15bf-3220c04ff144', '1af2c34d-6c38-1b45-277f-072f900acbc1', 'D', 'Building D', 2, 'D', 'DD'),
  ('697470d6-59aa-9d24-e671-d1c313e55b51', '1af2c34d-6c38-1b45-277f-072f900acbc1', 'E', 'Building E', 2, 'E', 'EE'),
  ('24b6ae71-61ad-4539-2905-24f59cf1f531', '1af2c34d-6c38-1b45-277f-072f900acbc1', 'F', 'Building F', 2, 'F', 'FF'),
  ('c3e99c5d-58fa-5c4b-4329-cb61c0d288f5', '1af2c34d-6c38-1b45-277f-072f900acbc1', 'S', 'Building S (Commercial)', 2, 'S', 'SS'),
  ('666b976c-ac52-f3f4-029a-636ee3aa11bf', '1af2c34d-6c38-1b45-277f-072f900acbc1', 'U', 'Building U', 2, 'U', 'UU');

-- ── BLOCKS ────────────────────────────────────────────────────
INSERT INTO blocks (id, building_id, camp_id, code, floor_label, floor_number, room_count) VALUES
  ('f626f827-4be2-c19c-4fff-c6831d63866d', '944d2331-7db9-a743-5e44-90d283ef03df', '4c935f2b-23b9-b94c-99ca-cb2ee0620045', 'A', 'Ground', 0, 22),
  ('947b50e3-5e8f-de0b-98fa-a1214bdb6167', '944d2331-7db9-a743-5e44-90d283ef03df', '4c935f2b-23b9-b94c-99ca-cb2ee0620045', 'AA', 'First', 1, 22),
  ('a90d8d2d-dc39-2410-3d45-316eb41600f6', '98bd1b18-4052-bc96-aa32-a8bf079a88af', '4c935f2b-23b9-b94c-99ca-cb2ee0620045', 'B', 'Ground', 0, 24),
  ('947cb5cc-7444-8a52-8d83-3ae597491990', '98bd1b18-4052-bc96-aa32-a8bf079a88af', '4c935f2b-23b9-b94c-99ca-cb2ee0620045', 'BB', 'First', 1, 24),
  ('594f35e3-83e6-8236-ed24-b429f11ee78e', '386a2b71-223e-782d-1a89-5c7f140115b5', '4c935f2b-23b9-b94c-99ca-cb2ee0620045', 'C', 'Ground', 0, 22),
  ('a4b2883b-be1c-b136-d607-84cc38ec7bdd', '386a2b71-223e-782d-1a89-5c7f140115b5', '4c935f2b-23b9-b94c-99ca-cb2ee0620045', 'CC', 'First', 1, 22),
  ('75db366f-06f4-5bbb-f769-811efb0431c6', '3da58246-a5f2-1697-f5ef-74979191554b', '4c935f2b-23b9-b94c-99ca-cb2ee0620045', 'D', 'Ground', 0, 23),
  ('801d55de-cc2b-e9b6-55ec-e14f88e4db30', '3da58246-a5f2-1697-f5ef-74979191554b', '4c935f2b-23b9-b94c-99ca-cb2ee0620045', 'DD', 'First', 1, 23),
  ('82e95b26-71a7-63c3-f673-3bcb87ae7e26', '27a1bf8a-c338-d108-27ee-2712a0759bed', '4c935f2b-23b9-b94c-99ca-cb2ee0620045', 'E', 'Ground', 0, 24),
  ('afd175d3-b78b-bfb1-bb5a-ba9a481c03dc', '27a1bf8a-c338-d108-27ee-2712a0759bed', '4c935f2b-23b9-b94c-99ca-cb2ee0620045', 'EE', 'First', 1, 24),
  ('2f2d0651-f898-5e13-5eca-ed62bf2def59', '82044d9d-8bff-f73a-bc36-bba2cba99819', '4c935f2b-23b9-b94c-99ca-cb2ee0620045', 'F', 'Ground', 0, 22),
  ('c35feaa0-3e80-6253-59a8-81b4844d57c2', '82044d9d-8bff-f73a-bc36-bba2cba99819', '4c935f2b-23b9-b94c-99ca-cb2ee0620045', 'FF', 'First', 1, 22),
  ('63623734-44ee-04df-5b8e-3a2ddc715d0a', '67270134-cfd6-1672-dada-3cfe56413378', '1af2c34d-6c38-1b45-277f-072f900acbc1', 'A', 'Ground', 0, 5),
  ('9408bbdd-b086-8143-e0ee-74872ac05da2', '67270134-cfd6-1672-dada-3cfe56413378', '1af2c34d-6c38-1b45-277f-072f900acbc1', 'AA', 'First', 1, 6),
  ('a1fc1342-1371-5024-f0b0-386b28f151e3', '2d1d0b15-807d-127f-67e1-7dc978ddfe74', '1af2c34d-6c38-1b45-277f-072f900acbc1', 'B', 'Ground', 0, 14),
  ('eb5e77ad-ac5a-bb5b-5e92-b3848d8b03b0', '2d1d0b15-807d-127f-67e1-7dc978ddfe74', '1af2c34d-6c38-1b45-277f-072f900acbc1', 'BB', 'First', 1, 14),
  ('aa014917-b144-b127-0c22-85e957614535', 'f53e8e4f-6785-107f-25df-509fb6eb1654', '1af2c34d-6c38-1b45-277f-072f900acbc1', 'C', 'Ground', 0, 12),
  ('2d3cd8e7-a2e3-3b25-a022-852890236d56', 'f53e8e4f-6785-107f-25df-509fb6eb1654', '1af2c34d-6c38-1b45-277f-072f900acbc1', 'CC', 'First', 1, 12),
  ('fe167b10-d1b0-c910-9a04-df8b50c795f0', '46778a77-f067-6ffd-15bf-3220c04ff144', '1af2c34d-6c38-1b45-277f-072f900acbc1', 'D', 'Ground', 0, 14),
  ('7eebe0d8-f487-6a8e-c9cf-8f73fee83b31', '46778a77-f067-6ffd-15bf-3220c04ff144', '1af2c34d-6c38-1b45-277f-072f900acbc1', 'DD', 'First', 1, 14),
  ('7eb52e12-a967-400c-5037-c798235fe7fd', '697470d6-59aa-9d24-e671-d1c313e55b51', '1af2c34d-6c38-1b45-277f-072f900acbc1', 'E', 'Ground', 0, 14),
  ('44a400d3-11d2-f02c-9905-3511c354a736', '697470d6-59aa-9d24-e671-d1c313e55b51', '1af2c34d-6c38-1b45-277f-072f900acbc1', 'EE', 'First', 1, 14),
  ('17d7db1e-64b0-684f-333f-62e264f097ee', '24b6ae71-61ad-4539-2905-24f59cf1f531', '1af2c34d-6c38-1b45-277f-072f900acbc1', 'F', 'Ground', 0, 5),
  ('7e8e43f1-1a0b-a288-6364-4cd1aaf08eb4', '24b6ae71-61ad-4539-2905-24f59cf1f531', '1af2c34d-6c38-1b45-277f-072f900acbc1', 'FF', 'First', 1, 5),
  ('1d5c9b91-321c-1a36-39d2-23514b4f980d', 'c3e99c5d-58fa-5c4b-4329-cb61c0d288f5', '1af2c34d-6c38-1b45-277f-072f900acbc1', 'S', 'Ground', 0, 1),
  ('d9b1cd76-74af-2b98-217b-95ddd63ddbba', 'c3e99c5d-58fa-5c4b-4329-cb61c0d288f5', '1af2c34d-6c38-1b45-277f-072f900acbc1', 'SS', 'First', 1, 6),
  ('5d74d5a0-6ba8-48f1-fb7b-0e4ae9f35dd2', '666b976c-ac52-f3f4-029a-636ee3aa11bf', '1af2c34d-6c38-1b45-277f-072f900acbc1', 'U', 'Ground', 0, 19),
  ('83d89dbb-69d8-4223-d494-285fa451a77e', '666b976c-ac52-f3f4-029a-636ee3aa11bf', '1af2c34d-6c38-1b45-277f-072f900acbc1', 'UU', 'First', 1, 24);

-- ── ROOMS: CAMP 1 (274 rooms) ────────────────────────────────
INSERT INTO rooms (id, block_id, building_id, camp_id, room_number, sr_number, room_type, max_capacity, standard_rent, status) VALUES
  ('afb9295d-0f46-c9ef-526f-b7434db9edb2', 'f626f827-4be2-c19c-4fff-c6831d63866d', '944d2331-7db9-a743-5e44-90d283ef03df', '4c935f2b-23b9-b94c-99ca-cb2ee0620045', 'A01', 1, 'standard', 5, 3600, 'occupied'),
  ('966c9cf3-97bc-40ee-c747-c39f0508e76f', 'f626f827-4be2-c19c-4fff-c6831d63866d', '944d2331-7db9-a743-5e44-90d283ef03df', '4c935f2b-23b9-b94c-99ca-cb2ee0620045', 'A02', 2, 'standard', 7, 4000, 'occupied'),
  ('639a879a-efa8-6d4d-2b0b-5d7f49c980b6', 'f626f827-4be2-c19c-4fff-c6831d63866d', '944d2331-7db9-a743-5e44-90d283ef03df', '4c935f2b-23b9-b94c-99ca-cb2ee0620045', 'A03', 3, 'standard', 6, 3600, 'occupied'),
  ('fb074ec8-0244-31d1-def4-927c1840cc95', 'f626f827-4be2-c19c-4fff-c6831d63866d', '944d2331-7db9-a743-5e44-90d283ef03df', '4c935f2b-23b9-b94c-99ca-cb2ee0620045', 'A04', 4, 'standard', 6, 3800, 'occupied'),
  ('82e78c66-79c0-d935-55c1-b7806329a028', 'f626f827-4be2-c19c-4fff-c6831d63866d', '944d2331-7db9-a743-5e44-90d283ef03df', '4c935f2b-23b9-b94c-99ca-cb2ee0620045', 'A05', 5, 'standard', 6, 3600, 'occupied'),
  ('daa4a283-041c-679f-c20b-a0a2e09d31d6', 'f626f827-4be2-c19c-4fff-c6831d63866d', '944d2331-7db9-a743-5e44-90d283ef03df', '4c935f2b-23b9-b94c-99ca-cb2ee0620045', 'A06', 6, 'standard', 5, 3600, 'occupied'),
  ('5f97aa1c-ca90-cfa8-4584-1e811601892c', 'f626f827-4be2-c19c-4fff-c6831d63866d', '944d2331-7db9-a743-5e44-90d283ef03df', '4c935f2b-23b9-b94c-99ca-cb2ee0620045', 'A07', 7, 'standard', 5, 3600, 'occupied'),
  ('bb3d6432-4b19-3f99-5c0a-0d6a045aa3c9', 'f626f827-4be2-c19c-4fff-c6831d63866d', '944d2331-7db9-a743-5e44-90d283ef03df', '4c935f2b-23b9-b94c-99ca-cb2ee0620045', 'A08', 8, 'standard', 7, 4000, 'occupied'),
  ('a1be2fa1-347e-bb93-5217-ba4ba5e07cba', 'f626f827-4be2-c19c-4fff-c6831d63866d', '944d2331-7db9-a743-5e44-90d283ef03df', '4c935f2b-23b9-b94c-99ca-cb2ee0620045', 'A09', 9, 'standard', 8, 4400, 'occupied'),
  ('dfbd6883-fe8c-478e-7bff-931f0df1c192', 'f626f827-4be2-c19c-4fff-c6831d63866d', '944d2331-7db9-a743-5e44-90d283ef03df', '4c935f2b-23b9-b94c-99ca-cb2ee0620045', 'A10', 10, 'standard', 7, 4000, 'occupied'),
  ('63b29e7b-8105-c7b8-fd4b-04512e775fc6', 'f626f827-4be2-c19c-4fff-c6831d63866d', '944d2331-7db9-a743-5e44-90d283ef03df', '4c935f2b-23b9-b94c-99ca-cb2ee0620045', 'A11', 11, 'standard', 4, 3600, 'occupied'),
  ('eddf1c6a-9f2a-8ca4-7c7d-231d0fc84b95', 'f626f827-4be2-c19c-4fff-c6831d63866d', '944d2331-7db9-a743-5e44-90d283ef03df', '4c935f2b-23b9-b94c-99ca-cb2ee0620045', 'A12', 12, 'standard', 6, 2700, 'occupied'),
  ('cb5ff1ea-0f89-4709-0fa1-0eda416d7e37', 'f626f827-4be2-c19c-4fff-c6831d63866d', '944d2331-7db9-a743-5e44-90d283ef03df', '4c935f2b-23b9-b94c-99ca-cb2ee0620045', 'A13', 13, 'standard', 7, 4000, 'occupied'),
  ('bfc79d9e-b8ca-b7b2-a93d-8115f58f2f20', 'f626f827-4be2-c19c-4fff-c6831d63866d', '944d2331-7db9-a743-5e44-90d283ef03df', '4c935f2b-23b9-b94c-99ca-cb2ee0620045', 'A14', 14, 'standard', 7, 4000, 'occupied'),
  ('3f7ce984-49e6-c584-5996-9d140c5f732e', 'f626f827-4be2-c19c-4fff-c6831d63866d', '944d2331-7db9-a743-5e44-90d283ef03df', '4c935f2b-23b9-b94c-99ca-cb2ee0620045', 'A15', 15, 'standard', 6, 3600, 'occupied'),
  ('deb1ea24-5697-2bd6-5ae9-09d1b83c0826', 'f626f827-4be2-c19c-4fff-c6831d63866d', '944d2331-7db9-a743-5e44-90d283ef03df', '4c935f2b-23b9-b94c-99ca-cb2ee0620045', 'A16', 16, 'standard', 6, 3600, 'occupied'),
  ('891aa768-29d1-fd6b-bdf2-45144f1ecd4e', 'f626f827-4be2-c19c-4fff-c6831d63866d', '944d2331-7db9-a743-5e44-90d283ef03df', '4c935f2b-23b9-b94c-99ca-cb2ee0620045', 'A17', 17, 'bartawi', 2, 0, 'bartawi_use'),
  ('484bad10-d73c-d15c-c784-d198171fe4fe', 'f626f827-4be2-c19c-4fff-c6831d63866d', '944d2331-7db9-a743-5e44-90d283ef03df', '4c935f2b-23b9-b94c-99ca-cb2ee0620045', 'A18', 18, 'bartawi', 3, 0, 'bartawi_use'),
  ('aa1cef9f-24cd-fbba-71c1-5cdea5569466', 'f626f827-4be2-c19c-4fff-c6831d63866d', '944d2331-7db9-a743-5e44-90d283ef03df', '4c935f2b-23b9-b94c-99ca-cb2ee0620045', 'A19', 19, 'bartawi', 4, 0, 'bartawi_use'),
  ('46f91a81-5fc2-d13c-105c-1e124318f8c3', 'f626f827-4be2-c19c-4fff-c6831d63866d', '944d2331-7db9-a743-5e44-90d283ef03df', '4c935f2b-23b9-b94c-99ca-cb2ee0620045', 'A20', 20, 'standard', 6, 3600, 'occupied'),
  ('28cf3a19-65cf-e1fa-044c-e3405f202aa0', 'f626f827-4be2-c19c-4fff-c6831d63866d', '944d2331-7db9-a743-5e44-90d283ef03df', '4c935f2b-23b9-b94c-99ca-cb2ee0620045', 'A21', 21, 'standard', 7, 4000, 'occupied'),
  ('2fdb26bb-6ac1-907e-6e77-1d85582e0e67', 'f626f827-4be2-c19c-4fff-c6831d63866d', '944d2331-7db9-a743-5e44-90d283ef03df', '4c935f2b-23b9-b94c-99ca-cb2ee0620045', 'A22', 22, 'standard', 7, 4000, 'occupied'),
  ('31cc4f09-de61-d084-2a1e-33d68ff8cae7', '947b50e3-5e8f-de0b-98fa-a1214bdb6167', '944d2331-7db9-a743-5e44-90d283ef03df', '4c935f2b-23b9-b94c-99ca-cb2ee0620045', 'AA01', 23, 'standard', 7, 4000, 'occupied'),
  ('d40141b7-2612-53a7-74d5-77aba80a74a5', '947b50e3-5e8f-de0b-98fa-a1214bdb6167', '944d2331-7db9-a743-5e44-90d283ef03df', '4c935f2b-23b9-b94c-99ca-cb2ee0620045', 'AA02', 24, 'standard', 7, 3600, 'occupied'),
  ('1d607376-ce29-3e8d-77c2-7e35fb677bc0', '947b50e3-5e8f-de0b-98fa-a1214bdb6167', '944d2331-7db9-a743-5e44-90d283ef03df', '4c935f2b-23b9-b94c-99ca-cb2ee0620045', 'AA03', 25, 'standard', 8, 3600, 'occupied'),
  ('13bc7d26-73e3-cc8c-7067-53f6527e3b95', '947b50e3-5e8f-de0b-98fa-a1214bdb6167', '944d2331-7db9-a743-5e44-90d283ef03df', '4c935f2b-23b9-b94c-99ca-cb2ee0620045', 'AA04', 26, 'standard', 6, 3600, 'occupied'),
  ('33ac0947-3d5f-1fe1-45dc-3d0f8a045689', '947b50e3-5e8f-de0b-98fa-a1214bdb6167', '944d2331-7db9-a743-5e44-90d283ef03df', '4c935f2b-23b9-b94c-99ca-cb2ee0620045', 'AA05', 27, 'standard', 7, 4000, 'occupied'),
  ('e93c243b-da67-bd88-7796-c2c08b39bbd8', '947b50e3-5e8f-de0b-98fa-a1214bdb6167', '944d2331-7db9-a743-5e44-90d283ef03df', '4c935f2b-23b9-b94c-99ca-cb2ee0620045', 'AA06', 28, 'standard', 7, 3600, 'occupied'),
  ('4ae83134-9b12-b7a4-4bb9-ac228d09eb91', '947b50e3-5e8f-de0b-98fa-a1214bdb6167', '944d2331-7db9-a743-5e44-90d283ef03df', '4c935f2b-23b9-b94c-99ca-cb2ee0620045', 'AA07', 29, 'standard', 6, 3600, 'occupied'),
  ('ced50117-9886-a6a9-04c0-5ad7d7fb1651', '947b50e3-5e8f-de0b-98fa-a1214bdb6167', '944d2331-7db9-a743-5e44-90d283ef03df', '4c935f2b-23b9-b94c-99ca-cb2ee0620045', 'AA08', 30, 'standard', 5, 4000, 'occupied'),
  ('feddd0ad-f2d1-9ebb-09ec-b60554289e4a', '947b50e3-5e8f-de0b-98fa-a1214bdb6167', '944d2331-7db9-a743-5e44-90d283ef03df', '4c935f2b-23b9-b94c-99ca-cb2ee0620045', 'AA09', 31, 'standard', 7, 3600, 'occupied'),
  ('e8e55649-9eb2-0b5a-db57-ec9a33f30141', '947b50e3-5e8f-de0b-98fa-a1214bdb6167', '944d2331-7db9-a743-5e44-90d283ef03df', '4c935f2b-23b9-b94c-99ca-cb2ee0620045', 'AA10', 32, 'standard', 7, 4000, 'occupied'),
  ('b3d55cb2-c797-f403-868e-cc4abf76de56', '947b50e3-5e8f-de0b-98fa-a1214bdb6167', '944d2331-7db9-a743-5e44-90d283ef03df', '4c935f2b-23b9-b94c-99ca-cb2ee0620045', 'AA11', 33, 'standard', 8, 3601, 'occupied'),
  ('1d3d79ec-ea48-c6f7-a2e3-02cf946167e1', '947b50e3-5e8f-de0b-98fa-a1214bdb6167', '944d2331-7db9-a743-5e44-90d283ef03df', '4c935f2b-23b9-b94c-99ca-cb2ee0620045', 'AA12', 34, 'standard', 6, 3600, 'occupied'),
  ('6b7c6537-a0a0-6f14-12d3-8363d25466aa', '947b50e3-5e8f-de0b-98fa-a1214bdb6167', '944d2331-7db9-a743-5e44-90d283ef03df', '4c935f2b-23b9-b94c-99ca-cb2ee0620045', 'AA13', 35, 'standard', 7, 4000, 'occupied'),
  ('72cdf895-c03f-3fa5-9a10-e6fa36442a0e', '947b50e3-5e8f-de0b-98fa-a1214bdb6167', '944d2331-7db9-a743-5e44-90d283ef03df', '4c935f2b-23b9-b94c-99ca-cb2ee0620045', 'AA14', 36, 'standard', 6, 4400, 'occupied'),
  ('b0833955-7849-e241-c194-c284a3bcc484', '947b50e3-5e8f-de0b-98fa-a1214bdb6167', '944d2331-7db9-a743-5e44-90d283ef03df', '4c935f2b-23b9-b94c-99ca-cb2ee0620045', 'AA15', 37, 'standard', 6, 4000, 'occupied'),
  ('158f8bb1-2bc0-9fe9-0da6-eae218761043', '947b50e3-5e8f-de0b-98fa-a1214bdb6167', '944d2331-7db9-a743-5e44-90d283ef03df', '4c935f2b-23b9-b94c-99ca-cb2ee0620045', 'AA16', 38, 'standard', 7, 4000, 'occupied'),
  ('65fa4618-cb64-ea37-cea7-8efead2d311c', '947b50e3-5e8f-de0b-98fa-a1214bdb6167', '944d2331-7db9-a743-5e44-90d283ef03df', '4c935f2b-23b9-b94c-99ca-cb2ee0620045', 'AA17', 39, 'standard', 6, 3600, 'occupied'),
  ('90d126ce-1219-ee3d-bd49-ee0cfb3f4122', '947b50e3-5e8f-de0b-98fa-a1214bdb6167', '944d2331-7db9-a743-5e44-90d283ef03df', '4c935f2b-23b9-b94c-99ca-cb2ee0620045', 'AA18', 40, 'standard', 8, 4000, 'occupied'),
  ('aeb5312e-c1c9-4d26-6586-9e7aebb2c165', '947b50e3-5e8f-de0b-98fa-a1214bdb6167', '944d2331-7db9-a743-5e44-90d283ef03df', '4c935f2b-23b9-b94c-99ca-cb2ee0620045', 'AA19', 41, 'standard', 7, 3600, 'occupied'),
  ('92581ae3-c1a7-47e6-bde4-5dc27fa9971e', '947b50e3-5e8f-de0b-98fa-a1214bdb6167', '944d2331-7db9-a743-5e44-90d283ef03df', '4c935f2b-23b9-b94c-99ca-cb2ee0620045', 'AA20', 42, 'standard', 6, 3600, 'occupied'),
  ('a3955de3-b764-316a-16af-5ecb5e3d28b9', '947b50e3-5e8f-de0b-98fa-a1214bdb6167', '944d2331-7db9-a743-5e44-90d283ef03df', '4c935f2b-23b9-b94c-99ca-cb2ee0620045', 'AA21', 43, 'standard', 8, 4000, 'occupied'),
  ('6244dfa6-9b1f-8e8a-27ee-9a29c716cbc8', '947b50e3-5e8f-de0b-98fa-a1214bdb6167', '944d2331-7db9-a743-5e44-90d283ef03df', '4c935f2b-23b9-b94c-99ca-cb2ee0620045', 'AA22', 44, 'standard', 6, 4400, 'occupied'),
  ('fb3e8df1-4144-dbb1-4356-703cd2179a2f', 'a90d8d2d-dc39-2410-3d45-316eb41600f6', '98bd1b18-4052-bc96-aa32-a8bf079a88af', '4c935f2b-23b9-b94c-99ca-cb2ee0620045', 'B01', 45, 'standard', 7, 3600, 'occupied'),
  ('c249f47f-74c9-068e-ffd8-631df447b97f', 'a90d8d2d-dc39-2410-3d45-316eb41600f6', '98bd1b18-4052-bc96-aa32-a8bf079a88af', '4c935f2b-23b9-b94c-99ca-cb2ee0620045', 'B02', 46, 'standard', 6, 4400, 'occupied'),
  ('a29072b1-f48a-6a73-ef45-09a69d90a40e', 'a90d8d2d-dc39-2410-3d45-316eb41600f6', '98bd1b18-4052-bc96-aa32-a8bf079a88af', '4c935f2b-23b9-b94c-99ca-cb2ee0620045', 'B03', 47, 'standard', 6, 3600, 'occupied'),
  ('5f61d5f5-db02-e039-3991-06ae41581d59', 'a90d8d2d-dc39-2410-3d45-316eb41600f6', '98bd1b18-4052-bc96-aa32-a8bf079a88af', '4c935f2b-23b9-b94c-99ca-cb2ee0620045', 'B04', 48, 'standard', 3, 3600, 'occupied'),
  ('67ccd303-1bcd-3bd2-196c-ef3933808985', 'a90d8d2d-dc39-2410-3d45-316eb41600f6', '98bd1b18-4052-bc96-aa32-a8bf079a88af', '4c935f2b-23b9-b94c-99ca-cb2ee0620045', 'B05', 49, 'standard', 7, 3600, 'occupied'),
  ('8a9de750-5a18-dd8d-6073-d3bf4dd0bf67', 'a90d8d2d-dc39-2410-3d45-316eb41600f6', '98bd1b18-4052-bc96-aa32-a8bf079a88af', '4c935f2b-23b9-b94c-99ca-cb2ee0620045', 'B06', 50, 'standard', 4, 3600, 'occupied'),
  ('6079dfa5-150e-6545-c46e-847de464f656', 'a90d8d2d-dc39-2410-3d45-316eb41600f6', '98bd1b18-4052-bc96-aa32-a8bf079a88af', '4c935f2b-23b9-b94c-99ca-cb2ee0620045', 'B07', 51, 'standard', 6, 3600, 'occupied'),
  ('cb05000e-c073-a79f-a8e9-e38566730167', 'a90d8d2d-dc39-2410-3d45-316eb41600f6', '98bd1b18-4052-bc96-aa32-a8bf079a88af', '4c935f2b-23b9-b94c-99ca-cb2ee0620045', 'B08', 52, 'standard', 7, 3600, 'occupied'),
  ('1f938aae-1ef9-148b-0b7c-615eeda451f3', 'a90d8d2d-dc39-2410-3d45-316eb41600f6', '98bd1b18-4052-bc96-aa32-a8bf079a88af', '4c935f2b-23b9-b94c-99ca-cb2ee0620045', 'B09', 53, 'standard', 5, 3600, 'occupied'),
  ('22a0e4c7-1583-ce0a-1fe3-de309d46b8a7', 'a90d8d2d-dc39-2410-3d45-316eb41600f6', '98bd1b18-4052-bc96-aa32-a8bf079a88af', '4c935f2b-23b9-b94c-99ca-cb2ee0620045', 'B10', 54, 'standard', 7, 4000, 'occupied'),
  ('2d17d6a9-a635-de98-fa49-9a2b9906a0d7', 'a90d8d2d-dc39-2410-3d45-316eb41600f6', '98bd1b18-4052-bc96-aa32-a8bf079a88af', '4c935f2b-23b9-b94c-99ca-cb2ee0620045', 'B11', 55, 'standard', 6, 3600, 'occupied'),
  ('5857e5f3-1fbd-ebf5-f29f-027b96d57793', 'a90d8d2d-dc39-2410-3d45-316eb41600f6', '98bd1b18-4052-bc96-aa32-a8bf079a88af', '4c935f2b-23b9-b94c-99ca-cb2ee0620045', 'B12', 56, 'standard', 5, 3600, 'occupied'),
  ('e74e5ff8-dda3-a5c3-932f-8ac8632933d4', 'a90d8d2d-dc39-2410-3d45-316eb41600f6', '98bd1b18-4052-bc96-aa32-a8bf079a88af', '4c935f2b-23b9-b94c-99ca-cb2ee0620045', 'B13', 57, 'standard', 7, 0, 'occupied'),
  ('47b4b2ea-53c5-32c9-c7d5-d74e65503f6f', 'a90d8d2d-dc39-2410-3d45-316eb41600f6', '98bd1b18-4052-bc96-aa32-a8bf079a88af', '4c935f2b-23b9-b94c-99ca-cb2ee0620045', 'B14', 58, 'standard', 8, 3600, 'occupied'),
  ('87cfb3bc-7ca1-5596-903d-9f5fcd149980', 'a90d8d2d-dc39-2410-3d45-316eb41600f6', '98bd1b18-4052-bc96-aa32-a8bf079a88af', '4c935f2b-23b9-b94c-99ca-cb2ee0620045', 'B15', 59, 'standard', 7, 3600, 'occupied'),
  ('995aeaee-23f7-6804-48a2-2a064338555a', 'a90d8d2d-dc39-2410-3d45-316eb41600f6', '98bd1b18-4052-bc96-aa32-a8bf079a88af', '4c935f2b-23b9-b94c-99ca-cb2ee0620045', 'B16', 60, 'standard', 7, 4300, 'occupied'),
  ('2496c0f6-3b29-14a6-756e-79e22449fd26', 'a90d8d2d-dc39-2410-3d45-316eb41600f6', '98bd1b18-4052-bc96-aa32-a8bf079a88af', '4c935f2b-23b9-b94c-99ca-cb2ee0620045', 'B17', 61, 'standard', 6, 3800, 'occupied'),
  ('0ab14f64-adbe-0275-46ca-c725cad9e173', 'a90d8d2d-dc39-2410-3d45-316eb41600f6', '98bd1b18-4052-bc96-aa32-a8bf079a88af', '4c935f2b-23b9-b94c-99ca-cb2ee0620045', 'B18', 62, 'standard', 7, 3800, 'occupied'),
  ('319d061f-fdef-eaad-e85b-ae17699af306', 'a90d8d2d-dc39-2410-3d45-316eb41600f6', '98bd1b18-4052-bc96-aa32-a8bf079a88af', '4c935f2b-23b9-b94c-99ca-cb2ee0620045', 'B19', 63, 'standard', 6, 3600, 'occupied'),
  ('6b52359b-4e65-6609-2dfc-1bf9847d5f73', 'a90d8d2d-dc39-2410-3d45-316eb41600f6', '98bd1b18-4052-bc96-aa32-a8bf079a88af', '4c935f2b-23b9-b94c-99ca-cb2ee0620045', 'B20', 64, 'standard', 6, 3600, 'occupied'),
  ('05e1be15-0a9e-b4a6-3e94-77b85d2a19b8', 'a90d8d2d-dc39-2410-3d45-316eb41600f6', '98bd1b18-4052-bc96-aa32-a8bf079a88af', '4c935f2b-23b9-b94c-99ca-cb2ee0620045', 'B21', 65, 'standard', 7, 3600, 'occupied'),
  ('0eab6420-5ada-6ddc-5b1f-7a818bfaa904', 'a90d8d2d-dc39-2410-3d45-316eb41600f6', '98bd1b18-4052-bc96-aa32-a8bf079a88af', '4c935f2b-23b9-b94c-99ca-cb2ee0620045', 'B22', 66, 'standard', 8, 0, 'occupied'),
  ('81ada156-a7cf-3934-9c7e-7b6cc71b2c2a', 'a90d8d2d-dc39-2410-3d45-316eb41600f6', '98bd1b18-4052-bc96-aa32-a8bf079a88af', '4c935f2b-23b9-b94c-99ca-cb2ee0620045', 'B23', 67, 'standard', 6, 4000, 'occupied'),
  ('f64fd266-ee23-f428-2cf2-9ae9f8185981', 'a90d8d2d-dc39-2410-3d45-316eb41600f6', '98bd1b18-4052-bc96-aa32-a8bf079a88af', '4c935f2b-23b9-b94c-99ca-cb2ee0620045', 'B24', 68, 'standard', 8, 3800, 'occupied'),
  ('c5b61355-5422-5233-3fa8-bad4bc42c8d0', '947cb5cc-7444-8a52-8d83-3ae597491990', '98bd1b18-4052-bc96-aa32-a8bf079a88af', '4c935f2b-23b9-b94c-99ca-cb2ee0620045', 'BB01', 69, 'standard', 6, 0, 'occupied'),
  ('003b331e-ea4c-9c7c-e92a-dfe9cb370c36', '947cb5cc-7444-8a52-8d83-3ae597491990', '98bd1b18-4052-bc96-aa32-a8bf079a88af', '4c935f2b-23b9-b94c-99ca-cb2ee0620045', 'BB02', 70, 'standard', 6, 3600, 'occupied'),
  ('5c6d3509-55a4-638b-2120-8547461e35fb', '947cb5cc-7444-8a52-8d83-3ae597491990', '98bd1b18-4052-bc96-aa32-a8bf079a88af', '4c935f2b-23b9-b94c-99ca-cb2ee0620045', 'BB03', 71, 'standard', 6, 3600, 'occupied'),
  ('45329fb1-f7f2-d428-a843-9fb2c6cf0a97', '947cb5cc-7444-8a52-8d83-3ae597491990', '98bd1b18-4052-bc96-aa32-a8bf079a88af', '4c935f2b-23b9-b94c-99ca-cb2ee0620045', 'BB04', 72, 'standard', 6, 3600, 'occupied'),
  ('25195ea5-f406-fb3d-2c5b-67acd461f611', '947cb5cc-7444-8a52-8d83-3ae597491990', '98bd1b18-4052-bc96-aa32-a8bf079a88af', '4c935f2b-23b9-b94c-99ca-cb2ee0620045', 'BB05', 73, 'standard', 6, 3600, 'occupied'),
  ('ef12491c-ff87-46e6-7d76-88fd40a70e24', '947cb5cc-7444-8a52-8d83-3ae597491990', '98bd1b18-4052-bc96-aa32-a8bf079a88af', '4c935f2b-23b9-b94c-99ca-cb2ee0620045', 'BB06', 74, 'standard', 6, 4800, 'occupied'),
  ('a371c669-bdfb-eb7a-7079-16a68b31440c', '947cb5cc-7444-8a52-8d83-3ae597491990', '98bd1b18-4052-bc96-aa32-a8bf079a88af', '4c935f2b-23b9-b94c-99ca-cb2ee0620045', 'BB07', 75, 'standard', 7, 3000, 'occupied'),
  ('f48934de-ccdd-30b7-fd33-f9d66b377571', '947cb5cc-7444-8a52-8d83-3ae597491990', '98bd1b18-4052-bc96-aa32-a8bf079a88af', '4c935f2b-23b9-b94c-99ca-cb2ee0620045', 'BB08', 76, 'standard', 6, 4000, 'occupied'),
  ('f1e53d02-2b84-9936-2918-f54e59c6f52c', '947cb5cc-7444-8a52-8d83-3ae597491990', '98bd1b18-4052-bc96-aa32-a8bf079a88af', '4c935f2b-23b9-b94c-99ca-cb2ee0620045', 'BB09', 77, 'standard', 7, 4400, 'occupied'),
  ('728d7b19-65bc-fff2-a98c-14ba78bea52d', '947cb5cc-7444-8a52-8d83-3ae597491990', '98bd1b18-4052-bc96-aa32-a8bf079a88af', '4c935f2b-23b9-b94c-99ca-cb2ee0620045', 'BB10', 78, 'standard', 6, 3600, 'occupied'),
  ('27082b77-0512-a810-62bc-c2f95d6a1876', '947cb5cc-7444-8a52-8d83-3ae597491990', '98bd1b18-4052-bc96-aa32-a8bf079a88af', '4c935f2b-23b9-b94c-99ca-cb2ee0620045', 'BB11', 79, 'standard', 6, 4000, 'occupied'),
  ('910b2715-d5b4-e989-d517-b0687cebd9bc', '947cb5cc-7444-8a52-8d83-3ae597491990', '98bd1b18-4052-bc96-aa32-a8bf079a88af', '4c935f2b-23b9-b94c-99ca-cb2ee0620045', 'BB12', 80, 'standard', 5, 4000, 'occupied'),
  ('475d36a3-d167-9d23-87dc-0141d676b898', '947cb5cc-7444-8a52-8d83-3ae597491990', '98bd1b18-4052-bc96-aa32-a8bf079a88af', '4c935f2b-23b9-b94c-99ca-cb2ee0620045', 'BB13', 81, 'standard', 6, 3800, 'occupied'),
  ('fb0095a8-f63e-8b8c-0c3e-7c47c1f8bad9', '947cb5cc-7444-8a52-8d83-3ae597491990', '98bd1b18-4052-bc96-aa32-a8bf079a88af', '4c935f2b-23b9-b94c-99ca-cb2ee0620045', 'BB14', 82, 'standard', 6, 4400, 'occupied'),
  ('db405e2f-b3e4-0f27-db8b-5f9c383c1d8d', '947cb5cc-7444-8a52-8d83-3ae597491990', '98bd1b18-4052-bc96-aa32-a8bf079a88af', '4c935f2b-23b9-b94c-99ca-cb2ee0620045', 'BB15', 83, 'standard', 5, 3600, 'occupied'),
  ('0cd34626-d40d-0fe9-d2e4-18a9e221886a', '947cb5cc-7444-8a52-8d83-3ae597491990', '98bd1b18-4052-bc96-aa32-a8bf079a88af', '4c935f2b-23b9-b94c-99ca-cb2ee0620045', 'BB16', 84, 'standard', 5, 4000, 'occupied'),
  ('60b3e8d4-283a-40aa-d2db-292e733e3d33', '947cb5cc-7444-8a52-8d83-3ae597491990', '98bd1b18-4052-bc96-aa32-a8bf079a88af', '4c935f2b-23b9-b94c-99ca-cb2ee0620045', 'BB17', 85, 'standard', 7, 4000, 'occupied'),
  ('0bdd8fe2-ab92-1d18-64d1-6afc8df42c55', '947cb5cc-7444-8a52-8d83-3ae597491990', '98bd1b18-4052-bc96-aa32-a8bf079a88af', '4c935f2b-23b9-b94c-99ca-cb2ee0620045', 'BB18', 86, 'standard', 7, 4400, 'occupied'),
  ('687a5c33-251e-9721-018f-acda095e7c52', '947cb5cc-7444-8a52-8d83-3ae597491990', '98bd1b18-4052-bc96-aa32-a8bf079a88af', '4c935f2b-23b9-b94c-99ca-cb2ee0620045', 'BB19', 87, 'standard', 8, 4400, 'occupied'),
  ('92747442-15d5-bff9-827a-e27733f696b5', '947cb5cc-7444-8a52-8d83-3ae597491990', '98bd1b18-4052-bc96-aa32-a8bf079a88af', '4c935f2b-23b9-b94c-99ca-cb2ee0620045', 'BB20', 88, 'standard', 6, 4000, 'occupied'),
  ('1fabf440-aeb7-0f10-fc15-58e8b161e90a', '947cb5cc-7444-8a52-8d83-3ae597491990', '98bd1b18-4052-bc96-aa32-a8bf079a88af', '4c935f2b-23b9-b94c-99ca-cb2ee0620045', 'BB21', 89, 'standard', 6, 3600, 'occupied'),
  ('3b671c01-16bd-775d-d22a-8c23271f810d', '947cb5cc-7444-8a52-8d83-3ae597491990', '98bd1b18-4052-bc96-aa32-a8bf079a88af', '4c935f2b-23b9-b94c-99ca-cb2ee0620045', 'BB22', 90, 'standard', 5, 4400, 'occupied'),
  ('9fca3235-d6b6-4b0d-8f20-ec820c3adfc3', '947cb5cc-7444-8a52-8d83-3ae597491990', '98bd1b18-4052-bc96-aa32-a8bf079a88af', '4c935f2b-23b9-b94c-99ca-cb2ee0620045', 'BB23', 91, 'standard', 6, 3600, 'occupied'),
  ('3c67e7c2-1638-9868-c270-c924d843e1af', '947cb5cc-7444-8a52-8d83-3ae597491990', '98bd1b18-4052-bc96-aa32-a8bf079a88af', '4c935f2b-23b9-b94c-99ca-cb2ee0620045', 'BB24', 92, 'standard', 3, 3600, 'occupied'),
  ('c86c83b7-364e-8869-c711-6a22cf6d10d6', '594f35e3-83e6-8236-ed24-b429f11ee78e', '386a2b71-223e-782d-1a89-5c7f140115b5', '4c935f2b-23b9-b94c-99ca-cb2ee0620045', 'C01', 93, 'standard', 6, 4000, 'occupied'),
  ('879072b2-016c-1890-7ccd-27745433d1d3', '594f35e3-83e6-8236-ed24-b429f11ee78e', '386a2b71-223e-782d-1a89-5c7f140115b5', '4c935f2b-23b9-b94c-99ca-cb2ee0620045', 'C02', 94, 'standard', 6, 3600, 'occupied'),
  ('90d9146c-773a-d845-5e65-cf39a644a7f2', '594f35e3-83e6-8236-ed24-b429f11ee78e', '386a2b71-223e-782d-1a89-5c7f140115b5', '4c935f2b-23b9-b94c-99ca-cb2ee0620045', 'C03', 95, 'standard', 6, 3600, 'occupied'),
  ('6974accc-3e8b-0070-6864-bfce9ac327fa', '594f35e3-83e6-8236-ed24-b429f11ee78e', '386a2b71-223e-782d-1a89-5c7f140115b5', '4c935f2b-23b9-b94c-99ca-cb2ee0620045', 'C04', 96, 'standard', 6, 4000, 'occupied'),
  ('08bea999-e737-ad47-f873-9362fd5f5002', '594f35e3-83e6-8236-ed24-b429f11ee78e', '386a2b71-223e-782d-1a89-5c7f140115b5', '4c935f2b-23b9-b94c-99ca-cb2ee0620045', 'C05', 97, 'standard', 6, 3600, 'occupied'),
  ('0770555e-70b8-e442-34cc-fb3e97a62455', '594f35e3-83e6-8236-ed24-b429f11ee78e', '386a2b71-223e-782d-1a89-5c7f140115b5', '4c935f2b-23b9-b94c-99ca-cb2ee0620045', 'C06', 98, 'standard', 6, 4200, 'occupied'),
  ('1bf13205-1a71-075f-b73c-7060d4a54a65', '594f35e3-83e6-8236-ed24-b429f11ee78e', '386a2b71-223e-782d-1a89-5c7f140115b5', '4c935f2b-23b9-b94c-99ca-cb2ee0620045', 'C07', 99, 'standard', 6, 3600, 'occupied'),
  ('d95c65a3-2166-7ecb-eee5-87cc84bf82c6', '594f35e3-83e6-8236-ed24-b429f11ee78e', '386a2b71-223e-782d-1a89-5c7f140115b5', '4c935f2b-23b9-b94c-99ca-cb2ee0620045', 'C08', 100, 'standard', 7, 3600, 'occupied'),
  ('0025c59e-0e63-ec52-c826-da977ea24e1d', '594f35e3-83e6-8236-ed24-b429f11ee78e', '386a2b71-223e-782d-1a89-5c7f140115b5', '4c935f2b-23b9-b94c-99ca-cb2ee0620045', 'C09', 101, 'standard', 6, 4400, 'occupied'),
  ('bd7d70da-dcbf-a59d-17ba-9c6957268700', '594f35e3-83e6-8236-ed24-b429f11ee78e', '386a2b71-223e-782d-1a89-5c7f140115b5', '4c935f2b-23b9-b94c-99ca-cb2ee0620045', 'C10', 102, 'standard', 6, 3600, 'occupied'),
  ('e36b42c2-ac25-58c9-da21-2010815c0900', '594f35e3-83e6-8236-ed24-b429f11ee78e', '386a2b71-223e-782d-1a89-5c7f140115b5', '4c935f2b-23b9-b94c-99ca-cb2ee0620045', 'C11', 103, 'bartawi', 5, 3600, 'bartawi_use'),
  ('08890c8f-fbe8-b79a-52a4-b0fcba356773', '594f35e3-83e6-8236-ed24-b429f11ee78e', '386a2b71-223e-782d-1a89-5c7f140115b5', '4c935f2b-23b9-b94c-99ca-cb2ee0620045', 'C12', 104, 'standard', 5, 4000, 'occupied'),
  ('c042368a-3c44-6207-365a-5049039acd1d', '594f35e3-83e6-8236-ed24-b429f11ee78e', '386a2b71-223e-782d-1a89-5c7f140115b5', '4c935f2b-23b9-b94c-99ca-cb2ee0620045', 'C13', 105, 'standard', 5, 4000, 'occupied'),
  ('1815fb97-9bd6-0dbc-3127-d0a39deeede4', '594f35e3-83e6-8236-ed24-b429f11ee78e', '386a2b71-223e-782d-1a89-5c7f140115b5', '4c935f2b-23b9-b94c-99ca-cb2ee0620045', 'C14', 106, 'standard', 8, 3600, 'occupied'),
  ('7b66d66e-3639-48c6-90e7-df7a195c0d64', '594f35e3-83e6-8236-ed24-b429f11ee78e', '386a2b71-223e-782d-1a89-5c7f140115b5', '4c935f2b-23b9-b94c-99ca-cb2ee0620045', 'C15', 107, 'standard', 6, 3600, 'occupied'),
  ('ac088be4-47a4-73af-aaa1-54f8c9c13e82', '594f35e3-83e6-8236-ed24-b429f11ee78e', '386a2b71-223e-782d-1a89-5c7f140115b5', '4c935f2b-23b9-b94c-99ca-cb2ee0620045', 'C16', 108, 'standard', 6, 3600, 'occupied'),
  ('7be371da-f089-ef95-4fa1-eaaa0b2de7ed', '594f35e3-83e6-8236-ed24-b429f11ee78e', '386a2b71-223e-782d-1a89-5c7f140115b5', '4c935f2b-23b9-b94c-99ca-cb2ee0620045', 'C17', 109, 'standard', 6, 3600, 'occupied'),
  ('f36b1f87-ce41-1e5f-628b-8fa8466efc02', '594f35e3-83e6-8236-ed24-b429f11ee78e', '386a2b71-223e-782d-1a89-5c7f140115b5', '4c935f2b-23b9-b94c-99ca-cb2ee0620045', 'C18', 110, 'standard', 6, 3600, 'occupied'),
  ('0ed0cc09-3ece-814c-97e3-8af344faa997', '594f35e3-83e6-8236-ed24-b429f11ee78e', '386a2b71-223e-782d-1a89-5c7f140115b5', '4c935f2b-23b9-b94c-99ca-cb2ee0620045', 'C19', 111, 'standard', 4, 3600, 'occupied'),
  ('d89eb9f5-a679-6189-8a8c-adaadf73593e', '594f35e3-83e6-8236-ed24-b429f11ee78e', '386a2b71-223e-782d-1a89-5c7f140115b5', '4c935f2b-23b9-b94c-99ca-cb2ee0620045', 'C20', 112, 'bartawi', 4, 4400, 'bartawi_use'),
  ('3790cd41-2b73-d45a-04ba-04165964e999', '594f35e3-83e6-8236-ed24-b429f11ee78e', '386a2b71-223e-782d-1a89-5c7f140115b5', '4c935f2b-23b9-b94c-99ca-cb2ee0620045', 'C21', 113, 'standard', 7, 3600, 'occupied'),
  ('10e1683b-4de8-b90a-9be9-9bde6c3cddf8', '594f35e3-83e6-8236-ed24-b429f11ee78e', '386a2b71-223e-782d-1a89-5c7f140115b5', '4c935f2b-23b9-b94c-99ca-cb2ee0620045', 'C22', 114, 'standard', 5, 3600, 'occupied'),
  ('120a79c7-f7fb-d1d0-7c70-36abb4e42c3f', 'a4b2883b-be1c-b136-d607-84cc38ec7bdd', '386a2b71-223e-782d-1a89-5c7f140115b5', '4c935f2b-23b9-b94c-99ca-cb2ee0620045', 'CC01', 115, 'standard', 6, 3600, 'occupied'),
  ('e2242355-c73e-fd9b-d81e-d53b72962aa4', 'a4b2883b-be1c-b136-d607-84cc38ec7bdd', '386a2b71-223e-782d-1a89-5c7f140115b5', '4c935f2b-23b9-b94c-99ca-cb2ee0620045', 'CC02', 116, 'standard', 6, 3600, 'occupied'),
  ('2d29da8d-36a8-b084-8ce5-67b3231c4285', 'a4b2883b-be1c-b136-d607-84cc38ec7bdd', '386a2b71-223e-782d-1a89-5c7f140115b5', '4c935f2b-23b9-b94c-99ca-cb2ee0620045', 'CC03', 117, 'standard', 6, 3600, 'occupied'),
  ('082459d7-062c-db02-f54e-b721ff352c0e', 'a4b2883b-be1c-b136-d607-84cc38ec7bdd', '386a2b71-223e-782d-1a89-5c7f140115b5', '4c935f2b-23b9-b94c-99ca-cb2ee0620045', 'CC04', 118, 'standard', 8, 3600, 'occupied'),
  ('6b59b050-7317-e030-421d-67429372ccbd', 'a4b2883b-be1c-b136-d607-84cc38ec7bdd', '386a2b71-223e-782d-1a89-5c7f140115b5', '4c935f2b-23b9-b94c-99ca-cb2ee0620045', 'CC05', 119, 'standard', 6, 3600, 'occupied'),
  ('763e532c-bb26-24c9-dbf0-48db950f9cf2', 'a4b2883b-be1c-b136-d607-84cc38ec7bdd', '386a2b71-223e-782d-1a89-5c7f140115b5', '4c935f2b-23b9-b94c-99ca-cb2ee0620045', 'CC06', 120, 'standard', 7, 3600, 'occupied'),
  ('42f10c55-2925-b148-d2d5-ca5c7e072d66', 'a4b2883b-be1c-b136-d607-84cc38ec7bdd', '386a2b71-223e-782d-1a89-5c7f140115b5', '4c935f2b-23b9-b94c-99ca-cb2ee0620045', 'CC07', 121, 'standard', 8, 4400, 'occupied'),
  ('d2b879e6-1683-15fd-9bd4-e3426c250ead', 'a4b2883b-be1c-b136-d607-84cc38ec7bdd', '386a2b71-223e-782d-1a89-5c7f140115b5', '4c935f2b-23b9-b94c-99ca-cb2ee0620045', 'CC08', 122, 'standard', 7, 3600, 'occupied'),
  ('e459928e-d677-f5c9-f541-99cb2e1bea8d', 'a4b2883b-be1c-b136-d607-84cc38ec7bdd', '386a2b71-223e-782d-1a89-5c7f140115b5', '4c935f2b-23b9-b94c-99ca-cb2ee0620045', 'CC09', 123, 'standard', 7, 3600, 'occupied'),
  ('83aa3fc7-d4e1-903d-7859-fd566bfed03c', 'a4b2883b-be1c-b136-d607-84cc38ec7bdd', '386a2b71-223e-782d-1a89-5c7f140115b5', '4c935f2b-23b9-b94c-99ca-cb2ee0620045', 'CC10', 124, 'standard', 8, 4400, 'occupied'),
  ('0191cda6-6218-0d8f-982d-b42d5fd831a5', 'a4b2883b-be1c-b136-d607-84cc38ec7bdd', '386a2b71-223e-782d-1a89-5c7f140115b5', '4c935f2b-23b9-b94c-99ca-cb2ee0620045', 'CC11', 125, 'standard', 8, 3600, 'occupied'),
  ('78d5c12f-b0be-8d92-6d83-2c0e0adb29e7', 'a4b2883b-be1c-b136-d607-84cc38ec7bdd', '386a2b71-223e-782d-1a89-5c7f140115b5', '4c935f2b-23b9-b94c-99ca-cb2ee0620045', 'CC12', 126, 'standard', 6, 3600, 'occupied'),
  ('6fcb3d19-4a5e-458a-f9e1-92369db8dc49', 'a4b2883b-be1c-b136-d607-84cc38ec7bdd', '386a2b71-223e-782d-1a89-5c7f140115b5', '4c935f2b-23b9-b94c-99ca-cb2ee0620045', 'CC13', 127, 'standard', 6, 3600, 'occupied'),
  ('4dfaa332-05ec-3fd3-0233-fee27d4579f4', 'a4b2883b-be1c-b136-d607-84cc38ec7bdd', '386a2b71-223e-782d-1a89-5c7f140115b5', '4c935f2b-23b9-b94c-99ca-cb2ee0620045', 'CC14', 128, 'standard', 8, 3600, 'occupied'),
  ('64f8563a-f881-957c-1e2e-0efc6bc2ad5d', 'a4b2883b-be1c-b136-d607-84cc38ec7bdd', '386a2b71-223e-782d-1a89-5c7f140115b5', '4c935f2b-23b9-b94c-99ca-cb2ee0620045', 'CC15', 129, 'standard', 8, 3600, 'occupied'),
  ('2eaad00b-c4ef-88e9-7fd1-aec000937fd6', 'a4b2883b-be1c-b136-d607-84cc38ec7bdd', '386a2b71-223e-782d-1a89-5c7f140115b5', '4c935f2b-23b9-b94c-99ca-cb2ee0620045', 'CC16', 130, 'standard', 7, 3600, 'occupied'),
  ('d1aded04-6385-c623-0cbb-978ab90b1766', 'a4b2883b-be1c-b136-d607-84cc38ec7bdd', '386a2b71-223e-782d-1a89-5c7f140115b5', '4c935f2b-23b9-b94c-99ca-cb2ee0620045', 'CC17', 131, 'standard', 3, 4400, 'occupied'),
  ('509a2d95-378e-373f-1af5-159297871987', 'a4b2883b-be1c-b136-d607-84cc38ec7bdd', '386a2b71-223e-782d-1a89-5c7f140115b5', '4c935f2b-23b9-b94c-99ca-cb2ee0620045', 'CC18', 132, 'standard', 8, 3600, 'occupied'),
  ('1665d88d-6747-fa3e-c3bc-6108cd525908', 'a4b2883b-be1c-b136-d607-84cc38ec7bdd', '386a2b71-223e-782d-1a89-5c7f140115b5', '4c935f2b-23b9-b94c-99ca-cb2ee0620045', 'CC19', 133, 'standard', 6, 3850, 'occupied'),
  ('70e5a169-507c-8009-418b-6dadd3a35c23', 'a4b2883b-be1c-b136-d607-84cc38ec7bdd', '386a2b71-223e-782d-1a89-5c7f140115b5', '4c935f2b-23b9-b94c-99ca-cb2ee0620045', 'CC20', 134, 'standard', 8, 3600, 'occupied'),
  ('fd094814-b143-edf3-d1cf-3000570f1458', 'a4b2883b-be1c-b136-d607-84cc38ec7bdd', '386a2b71-223e-782d-1a89-5c7f140115b5', '4c935f2b-23b9-b94c-99ca-cb2ee0620045', 'CC21', 135, 'standard', 8, 3600, 'occupied'),
  ('8c4a62a3-4442-a648-40b9-f1f1db325944', 'a4b2883b-be1c-b136-d607-84cc38ec7bdd', '386a2b71-223e-782d-1a89-5c7f140115b5', '4c935f2b-23b9-b94c-99ca-cb2ee0620045', 'CC22', 136, 'standard', 8, 3600, 'occupied'),
  ('38530999-d005-8917-e106-d3a41b3f8af4', '75db366f-06f4-5bbb-f769-811efb0431c6', '3da58246-a5f2-1697-f5ef-74979191554b', '4c935f2b-23b9-b94c-99ca-cb2ee0620045', 'D01', 137, 'bartawi', 6, 3600, 'bartawi_use'),
  ('352d5b11-a0fb-3036-0c84-b0220cc21836', '75db366f-06f4-5bbb-f769-811efb0431c6', '3da58246-a5f2-1697-f5ef-74979191554b', '4c935f2b-23b9-b94c-99ca-cb2ee0620045', 'D02', 138, 'standard', 6, 4000, 'occupied'),
  ('ea2727b5-57fe-28d9-dd7a-c3dd9b001b19', '75db366f-06f4-5bbb-f769-811efb0431c6', '3da58246-a5f2-1697-f5ef-74979191554b', '4c935f2b-23b9-b94c-99ca-cb2ee0620045', 'D03', 139, 'standard', 6, 3800, 'occupied'),
  ('3682ec1e-8155-30fc-3bb3-a218f4426c93', '75db366f-06f4-5bbb-f769-811efb0431c6', '3da58246-a5f2-1697-f5ef-74979191554b', '4c935f2b-23b9-b94c-99ca-cb2ee0620045', 'D04', 140, 'standard', 6, 4400, 'occupied'),
  ('ebefaf98-88de-c1eb-6c30-782213aff93b', '75db366f-06f4-5bbb-f769-811efb0431c6', '3da58246-a5f2-1697-f5ef-74979191554b', '4c935f2b-23b9-b94c-99ca-cb2ee0620045', 'D05', 141, 'standard', 6, 3600, 'occupied'),
  ('9c71e671-b7e8-6cb1-eafa-6ea92bd6df2c', '75db366f-06f4-5bbb-f769-811efb0431c6', '3da58246-a5f2-1697-f5ef-74979191554b', '4c935f2b-23b9-b94c-99ca-cb2ee0620045', 'D06', 142, 'standard', 9, 4000, 'occupied'),
  ('782e829b-3081-47fd-ae7f-6cac4f6c0c4e', '75db366f-06f4-5bbb-f769-811efb0431c6', '3da58246-a5f2-1697-f5ef-74979191554b', '4c935f2b-23b9-b94c-99ca-cb2ee0620045', 'D07', 143, 'standard', 6, 3800, 'occupied'),
  ('a1a846bf-f9a0-a10a-bd2b-5f14a722ee82', '75db366f-06f4-5bbb-f769-811efb0431c6', '3da58246-a5f2-1697-f5ef-74979191554b', '4c935f2b-23b9-b94c-99ca-cb2ee0620045', 'D08', 144, 'standard', 7, 3600, 'occupied'),
  ('cded375d-0b2d-7a7a-bb74-edb5d8cc71ab', '75db366f-06f4-5bbb-f769-811efb0431c6', '3da58246-a5f2-1697-f5ef-74979191554b', '4c935f2b-23b9-b94c-99ca-cb2ee0620045', 'D09', 145, 'standard', 8, 3600, 'occupied'),
  ('fc2f541b-b0f8-f704-43ff-9282ad5c02f2', '75db366f-06f4-5bbb-f769-811efb0431c6', '3da58246-a5f2-1697-f5ef-74979191554b', '4c935f2b-23b9-b94c-99ca-cb2ee0620045', 'D10', 146, 'standard', 6, 4000, 'occupied'),
  ('c91a0840-b503-08a1-4344-8e39b328dfb8', '75db366f-06f4-5bbb-f769-811efb0431c6', '3da58246-a5f2-1697-f5ef-74979191554b', '4c935f2b-23b9-b94c-99ca-cb2ee0620045', 'D11', 147, 'standard', 7, 4000, 'occupied'),
  ('deaadd04-de52-2859-605e-0da9b074dd5e', '75db366f-06f4-5bbb-f769-811efb0431c6', '3da58246-a5f2-1697-f5ef-74979191554b', '4c935f2b-23b9-b94c-99ca-cb2ee0620045', 'D12', 148, 'standard', 7, 4400, 'occupied'),
  ('65f55c43-9d08-404d-1940-181189b9751c', '75db366f-06f4-5bbb-f769-811efb0431c6', '3da58246-a5f2-1697-f5ef-74979191554b', '4c935f2b-23b9-b94c-99ca-cb2ee0620045', 'D13', 149, 'standard', 6, 3600, 'occupied'),
  ('047fc15d-48e1-56a2-e9df-95782085c8e6', '75db366f-06f4-5bbb-f769-811efb0431c6', '3da58246-a5f2-1697-f5ef-74979191554b', '4c935f2b-23b9-b94c-99ca-cb2ee0620045', 'D14', 150, 'standard', 8, 4000, 'occupied'),
  ('867313b8-c4a3-8bea-88d9-0d30b48125ce', '75db366f-06f4-5bbb-f769-811efb0431c6', '3da58246-a5f2-1697-f5ef-74979191554b', '4c935f2b-23b9-b94c-99ca-cb2ee0620045', 'D15', 151, 'standard', 5, 3800, 'occupied'),
  ('97c95579-48ea-b5a8-9d83-2c7ba4cea152', '75db366f-06f4-5bbb-f769-811efb0431c6', '3da58246-a5f2-1697-f5ef-74979191554b', '4c935f2b-23b9-b94c-99ca-cb2ee0620045', 'D16', 152, 'standard', 7, 3600, 'occupied'),
  ('aed257d6-dfe8-ec27-e831-4738fa4c663a', '75db366f-06f4-5bbb-f769-811efb0431c6', '3da58246-a5f2-1697-f5ef-74979191554b', '4c935f2b-23b9-b94c-99ca-cb2ee0620045', 'D17', 153, 'standard', 7, 4000, 'occupied'),
  ('eb6ff1b8-e1a5-fd13-aca2-f82f28f4a5ba', '75db366f-06f4-5bbb-f769-811efb0431c6', '3da58246-a5f2-1697-f5ef-74979191554b', '4c935f2b-23b9-b94c-99ca-cb2ee0620045', 'D18', 154, 'standard', 8, 3600, 'occupied'),
  ('a1f4bb07-7d21-ed3b-a99e-32f293040a9a', '75db366f-06f4-5bbb-f769-811efb0431c6', '3da58246-a5f2-1697-f5ef-74979191554b', '4c935f2b-23b9-b94c-99ca-cb2ee0620045', 'D19', 155, 'standard', 8, 4200, 'occupied'),
  ('dc78ad50-ecf9-95cd-a31b-a74d6f4952da', '75db366f-06f4-5bbb-f769-811efb0431c6', '3da58246-a5f2-1697-f5ef-74979191554b', '4c935f2b-23b9-b94c-99ca-cb2ee0620045', 'D20', 156, 'standard', 7, 4000, 'occupied'),
  ('c7cec63f-d2e3-abc2-0fb8-264525c2509b', '75db366f-06f4-5bbb-f769-811efb0431c6', '3da58246-a5f2-1697-f5ef-74979191554b', '4c935f2b-23b9-b94c-99ca-cb2ee0620045', 'D21', 157, 'standard', 5, 3600, 'occupied'),
  ('25376da7-841e-3c5a-3f35-25398fd35b33', '75db366f-06f4-5bbb-f769-811efb0431c6', '3da58246-a5f2-1697-f5ef-74979191554b', '4c935f2b-23b9-b94c-99ca-cb2ee0620045', 'D22', 158, 'standard', 8, 4400, 'occupied'),
  ('d423b620-f85b-15a0-e085-03aa45346cc5', '75db366f-06f4-5bbb-f769-811efb0431c6', '3da58246-a5f2-1697-f5ef-74979191554b', '4c935f2b-23b9-b94c-99ca-cb2ee0620045', 'D23', 159, 'standard', 6, 3600, 'occupied'),
  ('4df68c86-8422-fad3-55f1-23324f925060', '801d55de-cc2b-e9b6-55ec-e14f88e4db30', '3da58246-a5f2-1697-f5ef-74979191554b', '4c935f2b-23b9-b94c-99ca-cb2ee0620045', 'DD01', 160, 'standard', 6, 3600, 'occupied'),
  ('56847132-41c6-b45e-7319-71ccb6d3da2e', '801d55de-cc2b-e9b6-55ec-e14f88e4db30', '3da58246-a5f2-1697-f5ef-74979191554b', '4c935f2b-23b9-b94c-99ca-cb2ee0620045', 'DD02', 161, 'standard', 6, 3600, 'occupied'),
  ('b4d4f10c-7a2b-4df8-d6d6-a1aef2a5d7bd', '801d55de-cc2b-e9b6-55ec-e14f88e4db30', '3da58246-a5f2-1697-f5ef-74979191554b', '4c935f2b-23b9-b94c-99ca-cb2ee0620045', 'DD03', 162, 'standard', 6, 3600, 'occupied'),
  ('3f5478c4-7859-11b9-7bd6-9793016bda9e', '801d55de-cc2b-e9b6-55ec-e14f88e4db30', '3da58246-a5f2-1697-f5ef-74979191554b', '4c935f2b-23b9-b94c-99ca-cb2ee0620045', 'DD04', 163, 'standard', 6, 3600, 'occupied'),
  ('5c431d5f-21e1-9574-0fb7-d013514c436d', '801d55de-cc2b-e9b6-55ec-e14f88e4db30', '3da58246-a5f2-1697-f5ef-74979191554b', '4c935f2b-23b9-b94c-99ca-cb2ee0620045', 'DD05', 164, 'standard', 6, 3800, 'occupied'),
  ('b23f974d-8e9e-c229-8119-611ab6b3a6fa', '801d55de-cc2b-e9b6-55ec-e14f88e4db30', '3da58246-a5f2-1697-f5ef-74979191554b', '4c935f2b-23b9-b94c-99ca-cb2ee0620045', 'DD06', 165, 'standard', 6, 3600, 'occupied'),
  ('9e690210-2e67-88ed-4eb3-f068e6738bdd', '801d55de-cc2b-e9b6-55ec-e14f88e4db30', '3da58246-a5f2-1697-f5ef-74979191554b', '4c935f2b-23b9-b94c-99ca-cb2ee0620045', 'DD07', 166, 'standard', 9, 4200, 'occupied'),
  ('6bc15325-a467-0c4f-5180-f36a2d7c70d8', '801d55de-cc2b-e9b6-55ec-e14f88e4db30', '3da58246-a5f2-1697-f5ef-74979191554b', '4c935f2b-23b9-b94c-99ca-cb2ee0620045', 'DD08', 167, 'standard', 6, 3600, 'occupied'),
  ('8a10720a-c64e-dfcb-d449-5fc69658692d', '801d55de-cc2b-e9b6-55ec-e14f88e4db30', '3da58246-a5f2-1697-f5ef-74979191554b', '4c935f2b-23b9-b94c-99ca-cb2ee0620045', 'DD09', 168, 'standard', 7, 4000, 'occupied'),
  ('1baeae71-583b-ee7f-23da-a168aea44e5b', '801d55de-cc2b-e9b6-55ec-e14f88e4db30', '3da58246-a5f2-1697-f5ef-74979191554b', '4c935f2b-23b9-b94c-99ca-cb2ee0620045', 'DD10', 169, 'standard', 8, 3600, 'occupied'),
  ('cf072f7e-b703-a2aa-8b2c-5f14b33334d0', '801d55de-cc2b-e9b6-55ec-e14f88e4db30', '3da58246-a5f2-1697-f5ef-74979191554b', '4c935f2b-23b9-b94c-99ca-cb2ee0620045', 'DD11', 170, 'standard', 5, 3600, 'occupied'),
  ('3429bbcd-e39d-46ce-5389-13a4c3bbfbf1', '801d55de-cc2b-e9b6-55ec-e14f88e4db30', '3da58246-a5f2-1697-f5ef-74979191554b', '4c935f2b-23b9-b94c-99ca-cb2ee0620045', 'DD12', 171, 'standard', 4, 3800, 'occupied'),
  ('d0eba62a-508a-80d1-1486-8b7ad5a72dcf', '801d55de-cc2b-e9b6-55ec-e14f88e4db30', '3da58246-a5f2-1697-f5ef-74979191554b', '4c935f2b-23b9-b94c-99ca-cb2ee0620045', 'DD13', 172, 'standard', 6, 3600, 'occupied'),
  ('43b47b3d-906c-acb0-9780-008bb6ec3ebc', '801d55de-cc2b-e9b6-55ec-e14f88e4db30', '3da58246-a5f2-1697-f5ef-74979191554b', '4c935f2b-23b9-b94c-99ca-cb2ee0620045', 'DD14', 173, 'standard', 5, 3600, 'occupied'),
  ('92e6d6fd-c967-77d8-2cc1-24b0ac8fad6c', '801d55de-cc2b-e9b6-55ec-e14f88e4db30', '3da58246-a5f2-1697-f5ef-74979191554b', '4c935f2b-23b9-b94c-99ca-cb2ee0620045', 'DD15', 174, 'standard', 7, 3600, 'occupied'),
  ('3ee924de-7298-851c-d1f4-e05d53dc9039', '801d55de-cc2b-e9b6-55ec-e14f88e4db30', '3da58246-a5f2-1697-f5ef-74979191554b', '4c935f2b-23b9-b94c-99ca-cb2ee0620045', 'DD16', 175, 'standard', 6, 3800, 'occupied'),
  ('800a1b31-6514-23a7-d4ec-eabce5c781f8', '801d55de-cc2b-e9b6-55ec-e14f88e4db30', '3da58246-a5f2-1697-f5ef-74979191554b', '4c935f2b-23b9-b94c-99ca-cb2ee0620045', 'DD17', 176, 'standard', 6, 4200, 'occupied'),
  ('518369ee-947d-2fef-bd4b-de0863af5a6c', '801d55de-cc2b-e9b6-55ec-e14f88e4db30', '3da58246-a5f2-1697-f5ef-74979191554b', '4c935f2b-23b9-b94c-99ca-cb2ee0620045', 'DD18', 177, 'standard', 8, 4000, 'occupied'),
  ('c3621ca8-8b9e-f239-2925-936844258502', '801d55de-cc2b-e9b6-55ec-e14f88e4db30', '3da58246-a5f2-1697-f5ef-74979191554b', '4c935f2b-23b9-b94c-99ca-cb2ee0620045', 'DD19', 178, 'standard', 7, 4400, 'occupied'),
  ('f61a86d8-cc2e-bf71-48eb-71e5eec1e842', '801d55de-cc2b-e9b6-55ec-e14f88e4db30', '3da58246-a5f2-1697-f5ef-74979191554b', '4c935f2b-23b9-b94c-99ca-cb2ee0620045', 'DD20', 179, 'standard', 6, 3600, 'occupied'),
  ('8142522d-3c8d-7297-b7d1-2a13769ad658', '801d55de-cc2b-e9b6-55ec-e14f88e4db30', '3da58246-a5f2-1697-f5ef-74979191554b', '4c935f2b-23b9-b94c-99ca-cb2ee0620045', 'DD21', 180, 'standard', 6, 3800, 'occupied'),
  ('5aed8914-b486-d914-c082-d8ecaf68d98c', '801d55de-cc2b-e9b6-55ec-e14f88e4db30', '3da58246-a5f2-1697-f5ef-74979191554b', '4c935f2b-23b9-b94c-99ca-cb2ee0620045', 'DD22', 181, 'standard', 7, 3600, 'occupied'),
  ('2de01cbd-d3c4-bdbb-1cdd-278dc632a0a6', '801d55de-cc2b-e9b6-55ec-e14f88e4db30', '3da58246-a5f2-1697-f5ef-74979191554b', '4c935f2b-23b9-b94c-99ca-cb2ee0620045', 'DD23', 182, 'standard', 6, 3600, 'occupied'),
  ('2be026e5-f73a-fb07-cd65-2e287bc9dfd8', '82e95b26-71a7-63c3-f673-3bcb87ae7e26', '27a1bf8a-c338-d108-27ee-2712a0759bed', '4c935f2b-23b9-b94c-99ca-cb2ee0620045', 'E01', 183, 'standard', 5, 3600, 'occupied'),
  ('e2239e34-24c1-d02f-7e13-4203619c58b5', '82e95b26-71a7-63c3-f673-3bcb87ae7e26', '27a1bf8a-c338-d108-27ee-2712a0759bed', '4c935f2b-23b9-b94c-99ca-cb2ee0620045', 'E02', 184, 'standard', 7, 3600, 'occupied'),
  ('fe4026d8-c0a1-707d-cc2f-6cd7d25a2793', '82e95b26-71a7-63c3-f673-3bcb87ae7e26', '27a1bf8a-c338-d108-27ee-2712a0759bed', '4c935f2b-23b9-b94c-99ca-cb2ee0620045', 'E03', 185, 'standard', 6, 3600, 'occupied'),
  ('02e56c2b-ba5a-ff5a-c415-f3074a96593f', '82e95b26-71a7-63c3-f673-3bcb87ae7e26', '27a1bf8a-c338-d108-27ee-2712a0759bed', '4c935f2b-23b9-b94c-99ca-cb2ee0620045', 'E04', 186, 'standard', 5, 3600, 'occupied'),
  ('7f92ba46-9620-170e-3285-0dad1d3cea21', '82e95b26-71a7-63c3-f673-3bcb87ae7e26', '27a1bf8a-c338-d108-27ee-2712a0759bed', '4c935f2b-23b9-b94c-99ca-cb2ee0620045', 'E05', 187, 'standard', 7, 4400, 'occupied'),
  ('ff7aba55-1332-1df9-a61c-db0842c6e1bd', '82e95b26-71a7-63c3-f673-3bcb87ae7e26', '27a1bf8a-c338-d108-27ee-2712a0759bed', '4c935f2b-23b9-b94c-99ca-cb2ee0620045', 'E06', 188, 'standard', 6, 3600, 'occupied'),
  ('c44faf6b-a4b7-49f0-76ea-edd23cc91635', '82e95b26-71a7-63c3-f673-3bcb87ae7e26', '27a1bf8a-c338-d108-27ee-2712a0759bed', '4c935f2b-23b9-b94c-99ca-cb2ee0620045', 'E07', 189, 'standard', 7, 4000, 'occupied'),
  ('14a9a0e1-abdd-7dce-7a26-717ca845c8ae', '82e95b26-71a7-63c3-f673-3bcb87ae7e26', '27a1bf8a-c338-d108-27ee-2712a0759bed', '4c935f2b-23b9-b94c-99ca-cb2ee0620045', 'E08', 190, 'standard', 6, 4400, 'occupied'),
  ('c6f926d0-02e3-899c-0b84-7ca2f14a962a', '82e95b26-71a7-63c3-f673-3bcb87ae7e26', '27a1bf8a-c338-d108-27ee-2712a0759bed', '4c935f2b-23b9-b94c-99ca-cb2ee0620045', 'E09', 191, 'standard', 6, 4000, 'occupied'),
  ('7c6ceadc-1f6e-e656-2e93-eb5f0e0cfe88', '82e95b26-71a7-63c3-f673-3bcb87ae7e26', '27a1bf8a-c338-d108-27ee-2712a0759bed', '4c935f2b-23b9-b94c-99ca-cb2ee0620045', 'E10', 192, 'standard', 8, 4000, 'occupied'),
  ('c5811b91-7291-429e-37f6-fcf8a1f0f804', '82e95b26-71a7-63c3-f673-3bcb87ae7e26', '27a1bf8a-c338-d108-27ee-2712a0759bed', '4c935f2b-23b9-b94c-99ca-cb2ee0620045', 'E11', 193, 'standard', 6, 4400, 'occupied'),
  ('4a14ca0d-63c2-8914-9025-69980ec6d959', '82e95b26-71a7-63c3-f673-3bcb87ae7e26', '27a1bf8a-c338-d108-27ee-2712a0759bed', '4c935f2b-23b9-b94c-99ca-cb2ee0620045', 'E12', 194, 'standard', 6, 4400, 'occupied'),
  ('663cbb86-bb75-70d9-d4a2-6bdf2c1d6db1', '82e95b26-71a7-63c3-f673-3bcb87ae7e26', '27a1bf8a-c338-d108-27ee-2712a0759bed', '4c935f2b-23b9-b94c-99ca-cb2ee0620045', 'E13', 195, 'standard', 7, 3800, 'occupied'),
  ('ab31a872-9600-055e-593d-9d26fd4029fd', '82e95b26-71a7-63c3-f673-3bcb87ae7e26', '27a1bf8a-c338-d108-27ee-2712a0759bed', '4c935f2b-23b9-b94c-99ca-cb2ee0620045', 'E14', 196, 'standard', 6, 3600, 'occupied'),
  ('83e28e95-a5a4-d75f-ae39-4f96c74e561a', '82e95b26-71a7-63c3-f673-3bcb87ae7e26', '27a1bf8a-c338-d108-27ee-2712a0759bed', '4c935f2b-23b9-b94c-99ca-cb2ee0620045', 'E15', 197, 'standard', 5, 4400, 'occupied'),
  ('ffd3bcca-4c6a-137e-915a-7f0ba2916764', '82e95b26-71a7-63c3-f673-3bcb87ae7e26', '27a1bf8a-c338-d108-27ee-2712a0759bed', '4c935f2b-23b9-b94c-99ca-cb2ee0620045', 'E16', 198, 'standard', 5, 4400, 'occupied'),
  ('f47e7f7e-c689-5506-216b-4511b456a7d4', '82e95b26-71a7-63c3-f673-3bcb87ae7e26', '27a1bf8a-c338-d108-27ee-2712a0759bed', '4c935f2b-23b9-b94c-99ca-cb2ee0620045', 'E17', 199, 'standard', 6, 4000, 'occupied'),
  ('c73045aa-a330-fe60-5b28-b69784d50bf4', '82e95b26-71a7-63c3-f673-3bcb87ae7e26', '27a1bf8a-c338-d108-27ee-2712a0759bed', '4c935f2b-23b9-b94c-99ca-cb2ee0620045', 'E18', 200, 'standard', 6, 3600, 'occupied'),
  ('36f726b4-cd46-5f6b-487b-496470ad1839', '82e95b26-71a7-63c3-f673-3bcb87ae7e26', '27a1bf8a-c338-d108-27ee-2712a0759bed', '4c935f2b-23b9-b94c-99ca-cb2ee0620045', 'E19', 201, 'standard', 6, 4400, 'occupied'),
  ('c87e0938-998f-0173-bfa5-eb1f27452bc7', '82e95b26-71a7-63c3-f673-3bcb87ae7e26', '27a1bf8a-c338-d108-27ee-2712a0759bed', '4c935f2b-23b9-b94c-99ca-cb2ee0620045', 'E20', 202, 'standard', 6, 3800, 'occupied'),
  ('382825ab-5ef8-d3a2-c0a6-2f22d27f0a27', '82e95b26-71a7-63c3-f673-3bcb87ae7e26', '27a1bf8a-c338-d108-27ee-2712a0759bed', '4c935f2b-23b9-b94c-99ca-cb2ee0620045', 'E21', 203, 'standard', 8, 4400, 'occupied'),
  ('d83df73a-6c78-7e6a-5b76-13fc544c2e53', '82e95b26-71a7-63c3-f673-3bcb87ae7e26', '27a1bf8a-c338-d108-27ee-2712a0759bed', '4c935f2b-23b9-b94c-99ca-cb2ee0620045', 'E22', 204, 'standard', 6, 4400, 'occupied'),
  ('8a68e564-c2f7-496a-eb51-de4044da05d4', '82e95b26-71a7-63c3-f673-3bcb87ae7e26', '27a1bf8a-c338-d108-27ee-2712a0759bed', '4c935f2b-23b9-b94c-99ca-cb2ee0620045', 'E23', 205, 'standard', 6, 4400, 'occupied'),
  ('9fc9eacf-1ddc-f6aa-d005-52a919bfc00a', '82e95b26-71a7-63c3-f673-3bcb87ae7e26', '27a1bf8a-c338-d108-27ee-2712a0759bed', '4c935f2b-23b9-b94c-99ca-cb2ee0620045', 'E24', 206, 'standard', 5, 3800, 'occupied'),
  ('dcb8740c-9cb1-4061-1e85-04559caa3edf', 'afd175d3-b78b-bfb1-bb5a-ba9a481c03dc', '27a1bf8a-c338-d108-27ee-2712a0759bed', '4c935f2b-23b9-b94c-99ca-cb2ee0620045', 'EE01', 207, 'standard', 5, 3600, 'occupied'),
  ('cd137f67-442b-cbd9-7a9f-145368034af0', 'afd175d3-b78b-bfb1-bb5a-ba9a481c03dc', '27a1bf8a-c338-d108-27ee-2712a0759bed', '4c935f2b-23b9-b94c-99ca-cb2ee0620045', 'EE02', 208, 'standard', 6, 3800, 'occupied'),
  ('4425dbb2-cc46-3d35-e73e-accf350758be', 'afd175d3-b78b-bfb1-bb5a-ba9a481c03dc', '27a1bf8a-c338-d108-27ee-2712a0759bed', '4c935f2b-23b9-b94c-99ca-cb2ee0620045', 'EE03', 209, 'standard', 6, 4000, 'occupied'),
  ('91ca9e43-b4e4-c9ad-cbb7-715a40cccadd', 'afd175d3-b78b-bfb1-bb5a-ba9a481c03dc', '27a1bf8a-c338-d108-27ee-2712a0759bed', '4c935f2b-23b9-b94c-99ca-cb2ee0620045', 'EE04', 210, 'standard', 7, 3600, 'occupied'),
  ('ca80c65a-57ab-9752-d53f-aa793f457d4d', 'afd175d3-b78b-bfb1-bb5a-ba9a481c03dc', '27a1bf8a-c338-d108-27ee-2712a0759bed', '4c935f2b-23b9-b94c-99ca-cb2ee0620045', 'EE05', 211, 'standard', 4, 3600, 'occupied'),
  ('1371b730-741c-5d7c-d5b8-022245fb50d7', 'afd175d3-b78b-bfb1-bb5a-ba9a481c03dc', '27a1bf8a-c338-d108-27ee-2712a0759bed', '4c935f2b-23b9-b94c-99ca-cb2ee0620045', 'EE06', 212, 'standard', 4, 4800, 'occupied'),
  ('9e907398-a6cf-3f30-c246-05addcbfe3a4', 'afd175d3-b78b-bfb1-bb5a-ba9a481c03dc', '27a1bf8a-c338-d108-27ee-2712a0759bed', '4c935f2b-23b9-b94c-99ca-cb2ee0620045', 'EE07', 213, 'standard', 7, 3600, 'occupied'),
  ('8070a010-0abd-712b-6908-de72e55bc66d', 'afd175d3-b78b-bfb1-bb5a-ba9a481c03dc', '27a1bf8a-c338-d108-27ee-2712a0759bed', '4c935f2b-23b9-b94c-99ca-cb2ee0620045', 'EE08', 214, 'standard', 5, 3600, 'occupied'),
  ('402a37ca-d99c-1ee0-488c-5a95c34105c7', 'afd175d3-b78b-bfb1-bb5a-ba9a481c03dc', '27a1bf8a-c338-d108-27ee-2712a0759bed', '4c935f2b-23b9-b94c-99ca-cb2ee0620045', 'EE09', 215, 'standard', 5, 4400, 'occupied'),
  ('431b9631-6d78-2db3-c0ed-7eaa15195c4b', 'afd175d3-b78b-bfb1-bb5a-ba9a481c03dc', '27a1bf8a-c338-d108-27ee-2712a0759bed', '4c935f2b-23b9-b94c-99ca-cb2ee0620045', 'EE10', 216, 'standard', 6, 3800, 'occupied'),
  ('486e9107-7611-bbe4-2cc1-84c2c8a09a82', 'afd175d3-b78b-bfb1-bb5a-ba9a481c03dc', '27a1bf8a-c338-d108-27ee-2712a0759bed', '4c935f2b-23b9-b94c-99ca-cb2ee0620045', 'EE11', 217, 'standard', 7, 3600, 'occupied'),
  ('7b6facb4-ea65-bdd5-9098-4babcd04d3c3', 'afd175d3-b78b-bfb1-bb5a-ba9a481c03dc', '27a1bf8a-c338-d108-27ee-2712a0759bed', '4c935f2b-23b9-b94c-99ca-cb2ee0620045', 'EE12', 218, 'standard', 7, 3600, 'occupied'),
  ('6d497f97-37fe-6b5f-4939-007898d5a310', 'afd175d3-b78b-bfb1-bb5a-ba9a481c03dc', '27a1bf8a-c338-d108-27ee-2712a0759bed', '4c935f2b-23b9-b94c-99ca-cb2ee0620045', 'EE13', 219, 'standard', 7, 3600, 'occupied'),
  ('cafd4367-889f-b6e4-0dcf-62159654badf', 'afd175d3-b78b-bfb1-bb5a-ba9a481c03dc', '27a1bf8a-c338-d108-27ee-2712a0759bed', '4c935f2b-23b9-b94c-99ca-cb2ee0620045', 'EE14', 220, 'standard', 7, 3800, 'occupied'),
  ('21ac2c11-a1e0-52db-e64d-882c994c16a3', 'afd175d3-b78b-bfb1-bb5a-ba9a481c03dc', '27a1bf8a-c338-d108-27ee-2712a0759bed', '4c935f2b-23b9-b94c-99ca-cb2ee0620045', 'EE15', 221, 'standard', 6, 3600, 'occupied'),
  ('f7fc872b-b4ec-45b9-c102-84d6ae76078e', 'afd175d3-b78b-bfb1-bb5a-ba9a481c03dc', '27a1bf8a-c338-d108-27ee-2712a0759bed', '4c935f2b-23b9-b94c-99ca-cb2ee0620045', 'EE16', 222, 'standard', 8, 4000, 'occupied'),
  ('5005b1ec-edfe-42ad-63e1-f40744a2a8ce', 'afd175d3-b78b-bfb1-bb5a-ba9a481c03dc', '27a1bf8a-c338-d108-27ee-2712a0759bed', '4c935f2b-23b9-b94c-99ca-cb2ee0620045', 'EE17', 223, 'standard', 6, 4400, 'occupied'),
  ('675f27a7-898e-975e-247c-a5f7fab8794c', 'afd175d3-b78b-bfb1-bb5a-ba9a481c03dc', '27a1bf8a-c338-d108-27ee-2712a0759bed', '4c935f2b-23b9-b94c-99ca-cb2ee0620045', 'EE18', 224, 'standard', 6, 4000, 'occupied'),
  ('ca05e632-adab-e125-a5c0-42497455e67b', 'afd175d3-b78b-bfb1-bb5a-ba9a481c03dc', '27a1bf8a-c338-d108-27ee-2712a0759bed', '4c935f2b-23b9-b94c-99ca-cb2ee0620045', 'EE19', 225, 'standard', 7, 3600, 'occupied'),
  ('46dcf4d0-a164-1186-8503-ab679a97a980', 'afd175d3-b78b-bfb1-bb5a-ba9a481c03dc', '27a1bf8a-c338-d108-27ee-2712a0759bed', '4c935f2b-23b9-b94c-99ca-cb2ee0620045', 'EE20', 226, 'standard', 6, 3600, 'occupied'),
  ('7713d2e1-2470-e152-cfe0-1a1297462f82', 'afd175d3-b78b-bfb1-bb5a-ba9a481c03dc', '27a1bf8a-c338-d108-27ee-2712a0759bed', '4c935f2b-23b9-b94c-99ca-cb2ee0620045', 'EE21', 227, 'standard', 6, 4000, 'occupied'),
  ('232d9f8d-8ab4-eab7-d75a-71b663a0e262', 'afd175d3-b78b-bfb1-bb5a-ba9a481c03dc', '27a1bf8a-c338-d108-27ee-2712a0759bed', '4c935f2b-23b9-b94c-99ca-cb2ee0620045', 'EE22', 228, 'standard', 7, 3800, 'occupied'),
  ('e67c73b1-897a-e295-9ac6-831557fd6cac', 'afd175d3-b78b-bfb1-bb5a-ba9a481c03dc', '27a1bf8a-c338-d108-27ee-2712a0759bed', '4c935f2b-23b9-b94c-99ca-cb2ee0620045', 'EE23', 229, 'standard', 6, 3600, 'occupied'),
  ('698146dc-884f-82a7-0266-093fe8a40395', 'afd175d3-b78b-bfb1-bb5a-ba9a481c03dc', '27a1bf8a-c338-d108-27ee-2712a0759bed', '4c935f2b-23b9-b94c-99ca-cb2ee0620045', 'EE24', 230, 'standard', 7, 3600, 'occupied'),
  ('eab9abc9-db1e-001b-6d6a-37f22c3a9d25', '2f2d0651-f898-5e13-5eca-ed62bf2def59', '82044d9d-8bff-f73a-bc36-bba2cba99819', '4c935f2b-23b9-b94c-99ca-cb2ee0620045', 'F01', 231, 'standard', 5, 3600, 'occupied'),
  ('5f744488-28e2-f0e1-80de-a93aa398534c', '2f2d0651-f898-5e13-5eca-ed62bf2def59', '82044d9d-8bff-f73a-bc36-bba2cba99819', '4c935f2b-23b9-b94c-99ca-cb2ee0620045', 'F02', 232, 'standard', 5, 4000, 'occupied'),
  ('88c38b23-1a32-c9ca-b0b1-b99af8ce9dde', '2f2d0651-f898-5e13-5eca-ed62bf2def59', '82044d9d-8bff-f73a-bc36-bba2cba99819', '4c935f2b-23b9-b94c-99ca-cb2ee0620045', 'F03', 233, 'standard', 6, 3600, 'occupied'),
  ('65aa2461-ce5b-4e3b-8ecc-4d7caf09e3ce', '2f2d0651-f898-5e13-5eca-ed62bf2def59', '82044d9d-8bff-f73a-bc36-bba2cba99819', '4c935f2b-23b9-b94c-99ca-cb2ee0620045', 'F04', 234, 'standard', 5, 3600, 'occupied'),
  ('e8e00493-d214-691e-492d-8135afe7384a', '2f2d0651-f898-5e13-5eca-ed62bf2def59', '82044d9d-8bff-f73a-bc36-bba2cba99819', '4c935f2b-23b9-b94c-99ca-cb2ee0620045', 'F05', 235, 'standard', 6, 4000, 'occupied'),
  ('d347a97d-2a6a-f212-b1b7-4802e4c2699a', '2f2d0651-f898-5e13-5eca-ed62bf2def59', '82044d9d-8bff-f73a-bc36-bba2cba99819', '4c935f2b-23b9-b94c-99ca-cb2ee0620045', 'F06', 236, 'standard', 8, 3600, 'occupied'),
  ('90bc5b8d-f0e9-33a7-d49d-587e12a2e816', '2f2d0651-f898-5e13-5eca-ed62bf2def59', '82044d9d-8bff-f73a-bc36-bba2cba99819', '4c935f2b-23b9-b94c-99ca-cb2ee0620045', 'F07', 237, 'standard', 4, 3600, 'occupied'),
  ('5eaa632d-3a06-7ace-9c2b-18fc3a4eb879', '2f2d0651-f898-5e13-5eca-ed62bf2def59', '82044d9d-8bff-f73a-bc36-bba2cba99819', '4c935f2b-23b9-b94c-99ca-cb2ee0620045', 'F08', 238, 'standard', 6, 3600, 'occupied'),
  ('36d1af28-1a3f-01d6-7945-2a4b62ba9433', '2f2d0651-f898-5e13-5eca-ed62bf2def59', '82044d9d-8bff-f73a-bc36-bba2cba99819', '4c935f2b-23b9-b94c-99ca-cb2ee0620045', 'F09', 239, 'standard', 8, 4000, 'occupied'),
  ('6cd974dd-a343-810d-5b55-bf77af15a967', '2f2d0651-f898-5e13-5eca-ed62bf2def59', '82044d9d-8bff-f73a-bc36-bba2cba99819', '4c935f2b-23b9-b94c-99ca-cb2ee0620045', 'F10', 240, 'standard', 4, 4000, 'occupied'),
  ('1f4f2054-b723-b524-85ed-244afb1a26f1', '2f2d0651-f898-5e13-5eca-ed62bf2def59', '82044d9d-8bff-f73a-bc36-bba2cba99819', '4c935f2b-23b9-b94c-99ca-cb2ee0620045', 'F11', 241, 'standard', 5, 4000, 'occupied'),
  ('a18ee8ad-d676-e2cd-8b49-7e801dfeefa8', '2f2d0651-f898-5e13-5eca-ed62bf2def59', '82044d9d-8bff-f73a-bc36-bba2cba99819', '4c935f2b-23b9-b94c-99ca-cb2ee0620045', 'F12', 242, 'standard', 6, 4000, 'occupied'),
  ('4ec112ac-fad8-7436-4c76-f1506016fd92', '2f2d0651-f898-5e13-5eca-ed62bf2def59', '82044d9d-8bff-f73a-bc36-bba2cba99819', '4c935f2b-23b9-b94c-99ca-cb2ee0620045', 'F13', 243, 'standard', 6, 3600, 'occupied'),
  ('a3be8b89-d857-498d-0791-884248a1c926', '2f2d0651-f898-5e13-5eca-ed62bf2def59', '82044d9d-8bff-f73a-bc36-bba2cba99819', '4c935f2b-23b9-b94c-99ca-cb2ee0620045', 'F14', 244, 'standard', 6, 4400, 'occupied'),
  ('725b6593-ba44-2ac9-e08e-3e4a38a063a3', '2f2d0651-f898-5e13-5eca-ed62bf2def59', '82044d9d-8bff-f73a-bc36-bba2cba99819', '4c935f2b-23b9-b94c-99ca-cb2ee0620045', 'F15', 245, 'standard', 6, 3600, 'occupied'),
  ('314c0af2-fb6f-6c3d-e17a-8c0760337136', '2f2d0651-f898-5e13-5eca-ed62bf2def59', '82044d9d-8bff-f73a-bc36-bba2cba99819', '4c935f2b-23b9-b94c-99ca-cb2ee0620045', 'F16', 246, 'standard', 8, 3600, 'occupied'),
  ('c383c90a-6ac9-0803-f112-5f501332609f', '2f2d0651-f898-5e13-5eca-ed62bf2def59', '82044d9d-8bff-f73a-bc36-bba2cba99819', '4c935f2b-23b9-b94c-99ca-cb2ee0620045', 'F17', 247, 'standard', 6, 4000, 'occupied'),
  ('9e941bc3-1e9c-f03a-652e-8143126edf0f', '2f2d0651-f898-5e13-5eca-ed62bf2def59', '82044d9d-8bff-f73a-bc36-bba2cba99819', '4c935f2b-23b9-b94c-99ca-cb2ee0620045', 'F18', 248, 'standard', 5, 3600, 'occupied'),
  ('33277479-c5b2-2962-8d54-8afb06ab2362', '2f2d0651-f898-5e13-5eca-ed62bf2def59', '82044d9d-8bff-f73a-bc36-bba2cba99819', '4c935f2b-23b9-b94c-99ca-cb2ee0620045', 'F19', 249, 'standard', 6, 4000, 'occupied'),
  ('f77a0cf6-a7fe-89a2-89f3-a67b49c0884a', '2f2d0651-f898-5e13-5eca-ed62bf2def59', '82044d9d-8bff-f73a-bc36-bba2cba99819', '4c935f2b-23b9-b94c-99ca-cb2ee0620045', 'F20', 250, 'standard', 6, 4000, 'occupied'),
  ('1274a665-bd96-a087-1080-2a04ab77b716', '2f2d0651-f898-5e13-5eca-ed62bf2def59', '82044d9d-8bff-f73a-bc36-bba2cba99819', '4c935f2b-23b9-b94c-99ca-cb2ee0620045', 'F21', 251, 'standard', 4, 3600, 'occupied'),
  ('da324106-f4b6-72f0-b763-8e9639981796', '2f2d0651-f898-5e13-5eca-ed62bf2def59', '82044d9d-8bff-f73a-bc36-bba2cba99819', '4c935f2b-23b9-b94c-99ca-cb2ee0620045', 'F22', 252, 'standard', 6, 4000, 'occupied'),
  ('30857481-044a-dcd7-3d7b-cf31b410fc9d', 'c35feaa0-3e80-6253-59a8-81b4844d57c2', '82044d9d-8bff-f73a-bc36-bba2cba99819', '4c935f2b-23b9-b94c-99ca-cb2ee0620045', 'FF01', 253, 'standard', 8, 4400, 'occupied'),
  ('42a24dc6-b4b9-6073-ea5b-60859a40d8ad', 'c35feaa0-3e80-6253-59a8-81b4844d57c2', '82044d9d-8bff-f73a-bc36-bba2cba99819', '4c935f2b-23b9-b94c-99ca-cb2ee0620045', 'FF02', 254, 'standard', 7, 4000, 'occupied'),
  ('e50b800c-ce0b-fd45-7717-2e6ffd050e6f', 'c35feaa0-3e80-6253-59a8-81b4844d57c2', '82044d9d-8bff-f73a-bc36-bba2cba99819', '4c935f2b-23b9-b94c-99ca-cb2ee0620045', 'FF03', 255, 'standard', 6, 3600, 'occupied'),
  ('b0701635-a3c6-2985-7c17-da559ca85242', 'c35feaa0-3e80-6253-59a8-81b4844d57c2', '82044d9d-8bff-f73a-bc36-bba2cba99819', '4c935f2b-23b9-b94c-99ca-cb2ee0620045', 'FF04', 256, 'standard', 5, 3600, 'occupied'),
  ('4fe7f532-9a66-bd81-64da-55ee4442418a', 'c35feaa0-3e80-6253-59a8-81b4844d57c2', '82044d9d-8bff-f73a-bc36-bba2cba99819', '4c935f2b-23b9-b94c-99ca-cb2ee0620045', 'FF05', 257, 'standard', 7, 4000, 'occupied'),
  ('941d3e98-5e23-f23f-ad5c-a9dff0437423', 'c35feaa0-3e80-6253-59a8-81b4844d57c2', '82044d9d-8bff-f73a-bc36-bba2cba99819', '4c935f2b-23b9-b94c-99ca-cb2ee0620045', 'FF06', 258, 'standard', 1, 3600, 'occupied'),
  ('b827147e-5928-e390-3d49-4687dbc2556e', 'c35feaa0-3e80-6253-59a8-81b4844d57c2', '82044d9d-8bff-f73a-bc36-bba2cba99819', '4c935f2b-23b9-b94c-99ca-cb2ee0620045', 'FF07', 259, 'standard', 7, 4000, 'occupied'),
  ('64eac004-12dc-d288-0404-5733c080302f', 'c35feaa0-3e80-6253-59a8-81b4844d57c2', '82044d9d-8bff-f73a-bc36-bba2cba99819', '4c935f2b-23b9-b94c-99ca-cb2ee0620045', 'FF08', 260, 'standard', 5, 3600, 'occupied'),
  ('31f5a7c7-13f2-d168-6458-e0efffa6eaee', 'c35feaa0-3e80-6253-59a8-81b4844d57c2', '82044d9d-8bff-f73a-bc36-bba2cba99819', '4c935f2b-23b9-b94c-99ca-cb2ee0620045', 'FF09', 261, 'standard', 4, 3600, 'occupied'),
  ('1d4c1ca3-79f5-9ac1-a710-43ea1c70d2db', 'c35feaa0-3e80-6253-59a8-81b4844d57c2', '82044d9d-8bff-f73a-bc36-bba2cba99819', '4c935f2b-23b9-b94c-99ca-cb2ee0620045', 'FF10', 262, 'standard', 7, 4000, 'occupied'),
  ('48ca3a71-f155-09bf-3357-395393c2f505', 'c35feaa0-3e80-6253-59a8-81b4844d57c2', '82044d9d-8bff-f73a-bc36-bba2cba99819', '4c935f2b-23b9-b94c-99ca-cb2ee0620045', 'FF11', 263, 'standard', 7, 4200, 'occupied'),
  ('354d86f0-21cb-dafe-a3f1-2accb348999d', 'c35feaa0-3e80-6253-59a8-81b4844d57c2', '82044d9d-8bff-f73a-bc36-bba2cba99819', '4c935f2b-23b9-b94c-99ca-cb2ee0620045', 'FF12', 264, 'standard', 7, 3800, 'occupied'),
  ('abeb21cc-39e0-c669-40ee-964e7b3de370', 'c35feaa0-3e80-6253-59a8-81b4844d57c2', '82044d9d-8bff-f73a-bc36-bba2cba99819', '4c935f2b-23b9-b94c-99ca-cb2ee0620045', 'FF13', 265, 'standard', 6, 3600, 'occupied'),
  ('e299747f-6e1a-f198-0924-7053a6e424e5', 'c35feaa0-3e80-6253-59a8-81b4844d57c2', '82044d9d-8bff-f73a-bc36-bba2cba99819', '4c935f2b-23b9-b94c-99ca-cb2ee0620045', 'FF14', 266, 'standard', 6, 3600, 'occupied'),
  ('352ed3f3-3f1d-9f4b-10ac-0b8dca1e0b48', 'c35feaa0-3e80-6253-59a8-81b4844d57c2', '82044d9d-8bff-f73a-bc36-bba2cba99819', '4c935f2b-23b9-b94c-99ca-cb2ee0620045', 'FF15', 267, 'standard', 6, 3600, 'occupied'),
  ('28982004-3bc4-1964-e0c1-0a6605a17278', 'c35feaa0-3e80-6253-59a8-81b4844d57c2', '82044d9d-8bff-f73a-bc36-bba2cba99819', '4c935f2b-23b9-b94c-99ca-cb2ee0620045', 'FF16', 268, 'standard', 7, 4200, 'occupied'),
  ('bde2f5cf-5ff2-a977-99bc-2f0f028684a1', 'c35feaa0-3e80-6253-59a8-81b4844d57c2', '82044d9d-8bff-f73a-bc36-bba2cba99819', '4c935f2b-23b9-b94c-99ca-cb2ee0620045', 'FF17', 269, 'standard', 7, 4000, 'occupied'),
  ('ba40c1be-4276-3815-69ab-2a1f6160e064', 'c35feaa0-3e80-6253-59a8-81b4844d57c2', '82044d9d-8bff-f73a-bc36-bba2cba99819', '4c935f2b-23b9-b94c-99ca-cb2ee0620045', 'FF18', 270, 'standard', 8, 4400, 'occupied'),
  ('792206f9-1146-facf-432e-2b7a3b1cfe13', 'c35feaa0-3e80-6253-59a8-81b4844d57c2', '82044d9d-8bff-f73a-bc36-bba2cba99819', '4c935f2b-23b9-b94c-99ca-cb2ee0620045', 'FF19', 271, 'standard', 7, 4000, 'occupied'),
  ('bca8fbbb-e84c-1554-3666-c42fc83fb399', 'c35feaa0-3e80-6253-59a8-81b4844d57c2', '82044d9d-8bff-f73a-bc36-bba2cba99819', '4c935f2b-23b9-b94c-99ca-cb2ee0620045', 'FF20', 272, 'standard', 6, 3600, 'occupied'),
  ('7078bf03-8c60-6ab7-d542-bba7214141ea', 'c35feaa0-3e80-6253-59a8-81b4844d57c2', '82044d9d-8bff-f73a-bc36-bba2cba99819', '4c935f2b-23b9-b94c-99ca-cb2ee0620045', 'FF21', 273, 'standard', 7, 4000, 'occupied'),
  ('9909495b-f777-53fd-4136-d5b334a161b7', 'c35feaa0-3e80-6253-59a8-81b4844d57c2', '82044d9d-8bff-f73a-bc36-bba2cba99819', '4c935f2b-23b9-b94c-99ca-cb2ee0620045', 'FF22', 274, 'standard', 8, 4400, 'occupied');

-- ── ROOMS: CAMP 2 (179 rooms) ────────────────────────────────
INSERT INTO rooms (id, block_id, building_id, camp_id, room_number, sr_number, old_room_number, room_type, max_capacity, standard_rent, status, fp_wing) VALUES
  ('692ecce5-cce1-7ed1-52ac-d7407e92e8ed', '63623734-44ee-04df-5b8e-3a2ddc715d0a', '67270134-cfd6-1672-dada-3cfe56413378', '1af2c34d-6c38-1b45-277f-072f900acbc1', 'A01', 1, 'NEW', 'service', 8, 0, 'vacant', 'Ground'),
  ('58741e86-d940-e77e-436f-2ad7cf336050', '63623734-44ee-04df-5b8e-3a2ddc715d0a', '67270134-cfd6-1672-dada-3cfe56413378', '1af2c34d-6c38-1b45-277f-072f900acbc1', 'A02', 2, 'A03 D', 'standard', 10, 6500, 'occupied', 'Ground'),
  ('bfaa8695-827b-3747-4fff-7549af3251ab', '63623734-44ee-04df-5b8e-3a2ddc715d0a', '67270134-cfd6-1672-dada-3cfe56413378', '1af2c34d-6c38-1b45-277f-072f900acbc1', 'A03', 3, 'A02 D', 'standard', 12, 3300, 'occupied', 'Ground'),
  ('0b2e2fd5-233d-a6e5-5847-405acc9dff19', '63623734-44ee-04df-5b8e-3a2ddc715d0a', '67270134-cfd6-1672-dada-3cfe56413378', '1af2c34d-6c38-1b45-277f-072f900acbc1', 'A04', 4, 'A01', 'bartawi', 10, 0, 'bartawi_use', 'Ground'),
  ('41bae381-22a2-e8c2-5482-f8cd41cc96d1', '63623734-44ee-04df-5b8e-3a2ddc715d0a', '67270134-cfd6-1672-dada-3cfe56413378', '1af2c34d-6c38-1b45-277f-072f900acbc1', 'A05', 5, 'A 01 G', 'bartawi', 10, 0, 'bartawi_use', 'Ground'),
  ('5842b2f7-36ab-f92c-72fb-c087317c4d79', '9408bbdd-b086-8143-e0ee-74872ac05da2', '67270134-cfd6-1672-dada-3cfe56413378', '1af2c34d-6c38-1b45-277f-072f900acbc1', 'AA01', 6, 'A106 D', 'standard', 9, 7800, 'occupied', 'First'),
  ('2fcdd4a7-aa52-f192-04bf-e671d5b73d00', '9408bbdd-b086-8143-e0ee-74872ac05da2', '67270134-cfd6-1672-dada-3cfe56413378', '1af2c34d-6c38-1b45-277f-072f900acbc1', 'AA02', 7, 'A105D', 'standard', 10, 6500, 'occupied', 'First'),
  ('c96ef0b0-2d21-6991-d4b1-c32c9e1d1ccf', '9408bbdd-b086-8143-e0ee-74872ac05da2', '67270134-cfd6-1672-dada-3cfe56413378', '1af2c34d-6c38-1b45-277f-072f900acbc1', 'AA03', 8, 'A104', 'standard', 11, 5400, 'occupied', 'First'),
  ('39eceda3-a771-a4aa-d3d0-9b945f407c95', '9408bbdd-b086-8143-e0ee-74872ac05da2', '67270134-cfd6-1672-dada-3cfe56413378', '1af2c34d-6c38-1b45-277f-072f900acbc1', 'AA04', 9, 'A 103', 'standard', 11, 7800, 'occupied', 'First'),
  ('1b5f89fc-21ad-6bc8-f4ad-09b8c099fadf', '9408bbdd-b086-8143-e0ee-74872ac05da2', '67270134-cfd6-1672-dada-3cfe56413378', '1af2c34d-6c38-1b45-277f-072f900acbc1', 'AA05', 10, 'A102', 'standard', 9, 6500, 'occupied', 'First'),
  ('92daa98f-d20d-1e28-0ea5-7cda77ffab88', '9408bbdd-b086-8143-e0ee-74872ac05da2', '67270134-cfd6-1672-dada-3cfe56413378', '1af2c34d-6c38-1b45-277f-072f900acbc1', 'AA06', 11, 'A101', 'bartawi', 10, 0, 'bartawi_use', 'First'),
  ('fa20b082-29d8-8b07-d649-636cad101be6', 'a1fc1342-1371-5024-f0b0-386b28f151e3', '2d1d0b15-807d-127f-67e1-7dc978ddfe74', '1af2c34d-6c38-1b45-277f-072f900acbc1', 'B01', 12, 'B1', 'standard', 10, 4500, 'occupied', 'Ground'),
  ('83b2e2c5-3a93-32e2-6d75-a15d9a1a460a', 'a1fc1342-1371-5024-f0b0-386b28f151e3', '2d1d0b15-807d-127f-67e1-7dc978ddfe74', '1af2c34d-6c38-1b45-277f-072f900acbc1', 'B02', 13, 'B 02', 'standard', 8, 5500, 'occupied', 'Ground'),
  ('4560f53c-9ec8-845d-7ae4-89b491667611', 'a1fc1342-1371-5024-f0b0-386b28f151e3', '2d1d0b15-807d-127f-67e1-7dc978ddfe74', '1af2c34d-6c38-1b45-277f-072f900acbc1', 'B03', 14, 'B03', 'standard', 7, 4500, 'occupied', 'Ground'),
  ('1489c3c3-c85b-b0e7-49b0-ce824a45e11a', 'a1fc1342-1371-5024-f0b0-386b28f151e3', '2d1d0b15-807d-127f-67e1-7dc978ddfe74', '1af2c34d-6c38-1b45-277f-072f900acbc1', 'B04', 15, 'B04', 'standard', 8, 4500, 'occupied', 'Ground'),
  ('0fec0ad3-aebf-7297-8ee1-adff814d6547', 'a1fc1342-1371-5024-f0b0-386b28f151e3', '2d1d0b15-807d-127f-67e1-7dc978ddfe74', '1af2c34d-6c38-1b45-277f-072f900acbc1', 'B05', 16, 'B05', 'standard', 8, 4500, 'occupied', 'Ground'),
  ('e60d65a7-70ac-9805-f940-483fd584dddf', 'a1fc1342-1371-5024-f0b0-386b28f151e3', '2d1d0b15-807d-127f-67e1-7dc978ddfe74', '1af2c34d-6c38-1b45-277f-072f900acbc1', 'B06', 17, 'B06', 'standard', 6, 5500, 'occupied', 'Ground'),
  ('b4f538b7-f31d-79f4-4e03-e008cd579186', 'a1fc1342-1371-5024-f0b0-386b28f151e3', '2d1d0b15-807d-127f-67e1-7dc978ddfe74', '1af2c34d-6c38-1b45-277f-072f900acbc1', 'B07', 18, 'B07', 'standard', 7, 5500, 'occupied', 'Ground'),
  ('a5d1ac7d-34fe-b395-c31c-b9c8bf255453', 'a1fc1342-1371-5024-f0b0-386b28f151e3', '2d1d0b15-807d-127f-67e1-7dc978ddfe74', '1af2c34d-6c38-1b45-277f-072f900acbc1', 'B08', 19, 'B08', 'standard', 4, 3600, 'occupied', 'Ground'),
  ('cdb1a1b2-3aaa-4af4-3dda-d4a3b6374738', 'a1fc1342-1371-5024-f0b0-386b28f151e3', '2d1d0b15-807d-127f-67e1-7dc978ddfe74', '1af2c34d-6c38-1b45-277f-072f900acbc1', 'B09', 20, 'B09', 'standard', 5, 3600, 'occupied', 'Ground'),
  ('e9b2b45e-f4b7-0c9f-ddba-e2fc9dd96b3f', 'a1fc1342-1371-5024-f0b0-386b28f151e3', '2d1d0b15-807d-127f-67e1-7dc978ddfe74', '1af2c34d-6c38-1b45-277f-072f900acbc1', 'B10', 21, 'B10', 'standard', 6, 3600, 'occupied', 'Ground'),
  ('cf8c4254-427a-8a55-3f51-ffb52d25bff5', 'a1fc1342-1371-5024-f0b0-386b28f151e3', '2d1d0b15-807d-127f-67e1-7dc978ddfe74', '1af2c34d-6c38-1b45-277f-072f900acbc1', 'B11', 22, 'B11', 'standard', 4, 3600, 'occupied', 'Ground'),
  ('707a4537-205d-2885-1c57-ed1c4a78c619', 'a1fc1342-1371-5024-f0b0-386b28f151e3', '2d1d0b15-807d-127f-67e1-7dc978ddfe74', '1af2c34d-6c38-1b45-277f-072f900acbc1', 'B12', 23, 'B12', 'standard', 6, 3600, 'occupied', 'Ground'),
  ('256d71ac-6280-cfb2-df32-f864488577ac', 'a1fc1342-1371-5024-f0b0-386b28f151e3', '2d1d0b15-807d-127f-67e1-7dc978ddfe74', '1af2c34d-6c38-1b45-277f-072f900acbc1', 'B13', 24, 'B13', 'standard', 5, 3600, 'occupied', 'Ground'),
  ('9364285c-e18b-2ad4-e540-4d303fb6f720', 'a1fc1342-1371-5024-f0b0-386b28f151e3', '2d1d0b15-807d-127f-67e1-7dc978ddfe74', '1af2c34d-6c38-1b45-277f-072f900acbc1', 'B14', 25, 'B14', 'standard', 6, 3600, 'occupied', 'Ground'),
  ('f110063d-341e-0596-7272-e88356b058f8', 'eb5e77ad-ac5a-bb5b-5e92-b3848d8b03b0', '2d1d0b15-807d-127f-67e1-7dc978ddfe74', '1af2c34d-6c38-1b45-277f-072f900acbc1', 'BB01', 26, 'B101', 'standard', 6, 4500, 'occupied', 'First'),
  ('266bcac9-fa22-75be-7efe-0edfe4a9ca0f', 'eb5e77ad-ac5a-bb5b-5e92-b3848d8b03b0', '2d1d0b15-807d-127f-67e1-7dc978ddfe74', '1af2c34d-6c38-1b45-277f-072f900acbc1', 'BB02', 27, 'B102', 'standard', 5, 3600, 'occupied', 'First'),
  ('322a1445-bb4d-6a1e-21bd-de745dc37faf', 'eb5e77ad-ac5a-bb5b-5e92-b3848d8b03b0', '2d1d0b15-807d-127f-67e1-7dc978ddfe74', '1af2c34d-6c38-1b45-277f-072f900acbc1', 'BB03', 28, 'B103', 'standard', 8, 3600, 'occupied', 'First'),
  ('df926aa3-01f2-e5e8-bce5-6df6e868c268', 'eb5e77ad-ac5a-bb5b-5e92-b3848d8b03b0', '2d1d0b15-807d-127f-67e1-7dc978ddfe74', '1af2c34d-6c38-1b45-277f-072f900acbc1', 'BB04', 29, 'B104', 'standard', 8, 3600, 'occupied', 'First'),
  ('65d501ec-1575-f670-96d5-0d85f788f758', 'eb5e77ad-ac5a-bb5b-5e92-b3848d8b03b0', '2d1d0b15-807d-127f-67e1-7dc978ddfe74', '1af2c34d-6c38-1b45-277f-072f900acbc1', 'BB05', 30, 'B105', 'standard', 8, 3600, 'occupied', 'First'),
  ('8ca60b19-6d29-b1e8-d68e-b53e12a6e8a4', 'eb5e77ad-ac5a-bb5b-5e92-b3848d8b03b0', '2d1d0b15-807d-127f-67e1-7dc978ddfe74', '1af2c34d-6c38-1b45-277f-072f900acbc1', 'BB06', 31, 'B106', 'standard', 8, 3600, 'occupied', 'First'),
  ('6d92089a-a036-f8fc-a58e-aa5b73a1dcb7', 'eb5e77ad-ac5a-bb5b-5e92-b3848d8b03b0', '2d1d0b15-807d-127f-67e1-7dc978ddfe74', '1af2c34d-6c38-1b45-277f-072f900acbc1', 'BB07', 32, 'B107', 'standard', 8, 3600, 'occupied', 'First'),
  ('5d79747f-c14a-e1d1-a933-cae7a98e65e7', 'eb5e77ad-ac5a-bb5b-5e92-b3848d8b03b0', '2d1d0b15-807d-127f-67e1-7dc978ddfe74', '1af2c34d-6c38-1b45-277f-072f900acbc1', 'BB08', 33, 'B 108', 'standard', 5, 0, 'occupied', 'First'),
  ('f334b9af-61d7-4f10-2af7-cd3744b8a73c', 'eb5e77ad-ac5a-bb5b-5e92-b3848d8b03b0', '2d1d0b15-807d-127f-67e1-7dc978ddfe74', '1af2c34d-6c38-1b45-277f-072f900acbc1', 'BB09', 34, 'B109', 'standard', 8, 3600, 'occupied', 'First'),
  ('84b4eb45-04e1-51c2-3c90-7a7af7d489e8', 'eb5e77ad-ac5a-bb5b-5e92-b3848d8b03b0', '2d1d0b15-807d-127f-67e1-7dc978ddfe74', '1af2c34d-6c38-1b45-277f-072f900acbc1', 'BB10', 35, 'B110', 'standard', 8, 4500, 'occupied', 'First'),
  ('d61361e9-d3e1-b78d-7962-e358bb16701f', 'eb5e77ad-ac5a-bb5b-5e92-b3848d8b03b0', '2d1d0b15-807d-127f-67e1-7dc978ddfe74', '1af2c34d-6c38-1b45-277f-072f900acbc1', 'BB11', 36, 'B111', 'standard', 8, 3600, 'occupied', 'First'),
  ('1cb21aab-6fcf-0276-6646-1f2605568fe1', 'eb5e77ad-ac5a-bb5b-5e92-b3848d8b03b0', '2d1d0b15-807d-127f-67e1-7dc978ddfe74', '1af2c34d-6c38-1b45-277f-072f900acbc1', 'BB12', 37, 'B112', 'standard', 6, 5500, 'occupied', 'First'),
  ('4e7e8c94-b156-fe58-d9bd-18ce2446c284', 'eb5e77ad-ac5a-bb5b-5e92-b3848d8b03b0', '2d1d0b15-807d-127f-67e1-7dc978ddfe74', '1af2c34d-6c38-1b45-277f-072f900acbc1', 'BB13', 38, 'B113', 'standard', 6, 4400, 'occupied', 'First'),
  ('b61d25d4-47de-6f15-efc0-0beb278e71ac', 'eb5e77ad-ac5a-bb5b-5e92-b3848d8b03b0', '2d1d0b15-807d-127f-67e1-7dc978ddfe74', '1af2c34d-6c38-1b45-277f-072f900acbc1', 'BB14', 39, 'B 114', 'standard', 8, 6100, 'occupied', 'First'),
  ('9828f5dd-a65f-fa43-1da0-2cb52ab6b33c', 'aa014917-b144-b127-0c22-85e957614535', 'f53e8e4f-6785-107f-25df-509fb6eb1654', '1af2c34d-6c38-1b45-277f-072f900acbc1', 'C01', 40, 'C11 D', 'standard', 8, 2420, 'occupied', 'Ground'),
  ('df1bb929-7a16-3698-6d0c-986700d05759', 'aa014917-b144-b127-0c22-85e957614535', 'f53e8e4f-6785-107f-25df-509fb6eb1654', '1af2c34d-6c38-1b45-277f-072f900acbc1', 'C02', 41, 'C10', 'standard', 8, 2420, 'occupied', 'Ground'),
  ('8b1208b9-1d06-f3fd-8b17-1048fe064ace', 'aa014917-b144-b127-0c22-85e957614535', 'f53e8e4f-6785-107f-25df-509fb6eb1654', '1af2c34d-6c38-1b45-277f-072f900acbc1', 'C03', 42, 'C09', 'standard', 5, 2420, 'occupied', 'Ground'),
  ('0515aecb-c4cc-b8a5-fddb-cb728fffcb54', 'aa014917-b144-b127-0c22-85e957614535', 'f53e8e4f-6785-107f-25df-509fb6eb1654', '1af2c34d-6c38-1b45-277f-072f900acbc1', 'C04', 43, 'C08', 'standard', 8, 2420, 'occupied', 'Ground'),
  ('3e72b0d5-ed6e-61c0-2f13-df1f86bae42d', 'aa014917-b144-b127-0c22-85e957614535', 'f53e8e4f-6785-107f-25df-509fb6eb1654', '1af2c34d-6c38-1b45-277f-072f900acbc1', 'C05', 44, 'C07', 'standard', 6, 2420, 'occupied', 'Ground'),
  ('67b4fa68-1286-b158-cb92-fe113cbeef6d', 'aa014917-b144-b127-0c22-85e957614535', 'f53e8e4f-6785-107f-25df-509fb6eb1654', '1af2c34d-6c38-1b45-277f-072f900acbc1', 'C06', 45, 'C06', 'standard', 6, 2420, 'occupied', 'Ground'),
  ('8c5067f8-d39e-d23f-6849-5cd9bbdd13f5', 'aa014917-b144-b127-0c22-85e957614535', 'f53e8e4f-6785-107f-25df-509fb6eb1654', '1af2c34d-6c38-1b45-277f-072f900acbc1', 'C07', 46, 'C05', 'standard', 9, 6500, 'occupied', 'Ground'),
  ('5b59d8b9-98d9-9dd1-b898-286892d6bb5f', 'aa014917-b144-b127-0c22-85e957614535', 'f53e8e4f-6785-107f-25df-509fb6eb1654', '1af2c34d-6c38-1b45-277f-072f900acbc1', 'C08', 47, 'C04', 'bartawi', 8, 0, 'bartawi_use', 'Ground'),
  ('f8bb6046-1785-b809-fafc-94f631d866b8', 'aa014917-b144-b127-0c22-85e957614535', 'f53e8e4f-6785-107f-25df-509fb6eb1654', '1af2c34d-6c38-1b45-277f-072f900acbc1', 'C09', 48, 'C03', 'standard', 10, 5500, 'occupied', 'Ground'),
  ('5c68a33b-b18b-351c-e7b9-7a8a4057ae91', 'aa014917-b144-b127-0c22-85e957614535', 'f53e8e4f-6785-107f-25df-509fb6eb1654', '1af2c34d-6c38-1b45-277f-072f900acbc1', 'C10', 49, 'C02', 'bartawi', 4, 0, 'bartawi_use', 'Ground'),
  ('8d3fbf9b-5765-32c3-cc74-92742e695bf9', 'aa014917-b144-b127-0c22-85e957614535', 'f53e8e4f-6785-107f-25df-509fb6eb1654', '1af2c34d-6c38-1b45-277f-072f900acbc1', 'C11', 50, 'C 01', 'standard', 6, 2420, 'occupied', 'Ground'),
  ('97868f37-8902-7703-bae7-af956cdcea82', 'aa014917-b144-b127-0c22-85e957614535', 'f53e8e4f-6785-107f-25df-509fb6eb1654', '1af2c34d-6c38-1b45-277f-072f900acbc1', 'C12', 51, 'NEW', 'bartawi', 7, 0, 'bartawi_use', 'Ground'),
  ('659cd619-5e07-03f9-26ff-782740392fc0', '2d3cd8e7-a2e3-3b25-a022-852890236d56', 'f53e8e4f-6785-107f-25df-509fb6eb1654', '1af2c34d-6c38-1b45-277f-072f900acbc1', 'CC01', 52, 'C111D', 'standard', 8, 0, 'occupied', 'First'),
  ('60554c51-0e41-54b5-3984-df51580476ba', '2d3cd8e7-a2e3-3b25-a022-852890236d56', 'f53e8e4f-6785-107f-25df-509fb6eb1654', '1af2c34d-6c38-1b45-277f-072f900acbc1', 'CC02', 53, 'C110', 'standard', 3, 0, 'occupied', 'First'),
  ('e368408c-5b1b-d0ff-b4df-749866206c77', '2d3cd8e7-a2e3-3b25-a022-852890236d56', 'f53e8e4f-6785-107f-25df-509fb6eb1654', '1af2c34d-6c38-1b45-277f-072f900acbc1', 'CC03', 54, 'C109', 'standard', 8, 4225, 'occupied', 'First'),
  ('fbab8c33-a697-f6c5-58b2-5e3ff9419980', '2d3cd8e7-a2e3-3b25-a022-852890236d56', 'f53e8e4f-6785-107f-25df-509fb6eb1654', '1af2c34d-6c38-1b45-277f-072f900acbc1', 'CC04', 55, 'C108', 'standard', 7, 4225, 'occupied', 'First'),
  ('5efc740c-ae51-388d-f131-20ebf28f45e8', '2d3cd8e7-a2e3-3b25-a022-852890236d56', 'f53e8e4f-6785-107f-25df-509fb6eb1654', '1af2c34d-6c38-1b45-277f-072f900acbc1', 'CC05', 56, 'C107', 'standard', 8, 0, 'occupied', 'First'),
  ('7a19ad01-2c4d-fd04-55eb-07e64c5e1cdf', '2d3cd8e7-a2e3-3b25-a022-852890236d56', 'f53e8e4f-6785-107f-25df-509fb6eb1654', '1af2c34d-6c38-1b45-277f-072f900acbc1', 'CC06', 57, 'C106', 'standard', 8, 0, 'occupied', 'First'),
  ('b68cef37-22ad-e452-238a-6b0c7df5169a', '2d3cd8e7-a2e3-3b25-a022-852890236d56', 'f53e8e4f-6785-107f-25df-509fb6eb1654', '1af2c34d-6c38-1b45-277f-072f900acbc1', 'CC07', 58, 'C105', 'standard', 6, 4400, 'occupied', 'First'),
  ('301bb9ab-c1ff-6b18-63ab-677ed440bd64', '2d3cd8e7-a2e3-3b25-a022-852890236d56', 'f53e8e4f-6785-107f-25df-509fb6eb1654', '1af2c34d-6c38-1b45-277f-072f900acbc1', 'CC08', 59, 'C 104', 'standard', 3, 5500, 'occupied', 'First'),
  ('4164c77d-9603-729f-d086-ee91fe2cbaf3', '2d3cd8e7-a2e3-3b25-a022-852890236d56', 'f53e8e4f-6785-107f-25df-509fb6eb1654', '1af2c34d-6c38-1b45-277f-072f900acbc1', 'CC09', 60, 'C103', 'standard', 8, 5500, 'occupied', 'First'),
  ('203381ce-a012-1b44-ba77-4b72b8217c11', '2d3cd8e7-a2e3-3b25-a022-852890236d56', 'f53e8e4f-6785-107f-25df-509fb6eb1654', '1af2c34d-6c38-1b45-277f-072f900acbc1', 'CC10', 61, 'C102', 'bartawi', 8, 0, 'bartawi_use', 'First'),
  ('be4219c4-297e-4c46-74fd-cc4d72b7aec1', '2d3cd8e7-a2e3-3b25-a022-852890236d56', 'f53e8e4f-6785-107f-25df-509fb6eb1654', '1af2c34d-6c38-1b45-277f-072f900acbc1', 'CC11', 62, 'C 101', 'standard', 5, 5500, 'occupied', 'First'),
  ('3cb7695a-73be-2b59-828d-e82369209762', '2d3cd8e7-a2e3-3b25-a022-852890236d56', 'f53e8e4f-6785-107f-25df-509fb6eb1654', '1af2c34d-6c38-1b45-277f-072f900acbc1', 'CC12', 63, 'C 101D', 'standard', 6, 5500, 'occupied', 'First'),
  ('10928bc4-b497-8192-c22c-0954bb716e1e', 'fe167b10-d1b0-c910-9a04-df8b50c795f0', '46778a77-f067-6ffd-15bf-3220c04ff144', '1af2c34d-6c38-1b45-277f-072f900acbc1', 'D01', 64, 'D01', 'standard', 6, 5500, 'occupied', 'Ground'),
  ('69417878-b48f-1d02-e33b-3a95e4a9a28c', 'fe167b10-d1b0-c910-9a04-df8b50c795f0', '46778a77-f067-6ffd-15bf-3220c04ff144', '1af2c34d-6c38-1b45-277f-072f900acbc1', 'D02', 65, 'D02', 'bartawi', 7, 3600, 'bartawi_use', 'Ground'),
  ('4ccfc490-0654-ba0e-b4fc-a78e453c785a', 'fe167b10-d1b0-c910-9a04-df8b50c795f0', '46778a77-f067-6ffd-15bf-3220c04ff144', '1af2c34d-6c38-1b45-277f-072f900acbc1', 'D03', 66, 'D03', 'standard', 7, 3600, 'occupied', 'Ground'),
  ('231a382c-2c9e-7332-9837-22e156da9178', 'fe167b10-d1b0-c910-9a04-df8b50c795f0', '46778a77-f067-6ffd-15bf-3220c04ff144', '1af2c34d-6c38-1b45-277f-072f900acbc1', 'D04', 67, 'D04', 'standard', 8, 3600, 'occupied', 'Ground'),
  ('b59d50a0-f313-5dd9-0d71-b439c4b8ca1e', 'fe167b10-d1b0-c910-9a04-df8b50c795f0', '46778a77-f067-6ffd-15bf-3220c04ff144', '1af2c34d-6c38-1b45-277f-072f900acbc1', 'D05', 68, 'D05', 'standard', 8, 3600, 'occupied', 'Ground'),
  ('b0dbe4e9-0838-6c50-b20f-71be1a2d8dfb', 'fe167b10-d1b0-c910-9a04-df8b50c795f0', '46778a77-f067-6ffd-15bf-3220c04ff144', '1af2c34d-6c38-1b45-277f-072f900acbc1', 'D06', 69, 'D06', 'standard', 8, 5500, 'occupied', 'Ground'),
  ('a12a4ef8-aca4-476e-3764-9cd7218a6514', 'fe167b10-d1b0-c910-9a04-df8b50c795f0', '46778a77-f067-6ffd-15bf-3220c04ff144', '1af2c34d-6c38-1b45-277f-072f900acbc1', 'D07', 70, 'D7', 'standard', 10, 4500, 'occupied', 'Ground'),
  ('f40d2b2b-f169-7f33-8b90-c2e4297a3a7a', 'fe167b10-d1b0-c910-9a04-df8b50c795f0', '46778a77-f067-6ffd-15bf-3220c04ff144', '1af2c34d-6c38-1b45-277f-072f900acbc1', 'D08', 71, 'D08', 'standard', 4, 2420, 'occupied', 'Ground'),
  ('245a06de-42e1-818a-a048-242531b9a07c', 'fe167b10-d1b0-c910-9a04-df8b50c795f0', '46778a77-f067-6ffd-15bf-3220c04ff144', '1af2c34d-6c38-1b45-277f-072f900acbc1', 'D09', 72, 'D9', 'standard', 8, 4500, 'occupied', 'Ground'),
  ('ee339652-c6e5-58fe-4eaf-d116039d184e', 'fe167b10-d1b0-c910-9a04-df8b50c795f0', '46778a77-f067-6ffd-15bf-3220c04ff144', '1af2c34d-6c38-1b45-277f-072f900acbc1', 'D10', 73, 'D10', 'standard', 6, 2350, 'occupied', 'Ground'),
  ('2413ec8c-b1fc-68bf-fcae-60e97234dd62', 'fe167b10-d1b0-c910-9a04-df8b50c795f0', '46778a77-f067-6ffd-15bf-3220c04ff144', '1af2c34d-6c38-1b45-277f-072f900acbc1', 'D11', 74, 'D11', 'standard', 3, 2350, 'occupied', 'Ground'),
  ('c187d54c-f3d2-7622-1674-606c1f2c4073', 'fe167b10-d1b0-c910-9a04-df8b50c795f0', '46778a77-f067-6ffd-15bf-3220c04ff144', '1af2c34d-6c38-1b45-277f-072f900acbc1', 'D12', 75, 'D12', 'standard', 10, 5500, 'occupied', 'Ground'),
  ('c7123173-fc06-fdb6-0ab3-4c10bbade312', 'fe167b10-d1b0-c910-9a04-df8b50c795f0', '46778a77-f067-6ffd-15bf-3220c04ff144', '1af2c34d-6c38-1b45-277f-072f900acbc1', 'D13', 76, 'D13', 'standard', 10, 5500, 'occupied', 'Ground'),
  ('5ffde3eb-22a7-d854-feed-9054459200af', 'fe167b10-d1b0-c910-9a04-df8b50c795f0', '46778a77-f067-6ffd-15bf-3220c04ff144', '1af2c34d-6c38-1b45-277f-072f900acbc1', 'D14', 77, 'D14', 'standard', 10, 5500, 'occupied', 'Ground'),
  ('3cfc222f-aaa2-1fad-c28c-ce230ffdf53a', '7eebe0d8-f487-6a8e-c9cf-8f73fee83b31', '46778a77-f067-6ffd-15bf-3220c04ff144', '1af2c34d-6c38-1b45-277f-072f900acbc1', 'DD01', 78, 'D101', 'standard', 3, 5500, 'occupied', 'First'),
  ('7bf3e370-4b21-16b0-c071-53caf51387d1', '7eebe0d8-f487-6a8e-c9cf-8f73fee83b31', '46778a77-f067-6ffd-15bf-3220c04ff144', '1af2c34d-6c38-1b45-277f-072f900acbc1', 'DD02', 79, 'D102', 'bartawi', 4, 0, 'bartawi_use', 'First'),
  ('41580399-c52e-8278-3bf9-b308fc478f8f', '7eebe0d8-f487-6a8e-c9cf-8f73fee83b31', '46778a77-f067-6ffd-15bf-3220c04ff144', '1af2c34d-6c38-1b45-277f-072f900acbc1', 'DD03', 80, 'D103', 'standard', 7, 5500, 'occupied', 'First'),
  ('971bc0b7-6594-d469-7978-aa676837190b', '7eebe0d8-f487-6a8e-c9cf-8f73fee83b31', '46778a77-f067-6ffd-15bf-3220c04ff144', '1af2c34d-6c38-1b45-277f-072f900acbc1', 'DD04', 81, 'D104', 'standard', 8, 3600, 'occupied', 'First'),
  ('c0842d29-fbcb-a7c0-9afa-11131e15cd77', '7eebe0d8-f487-6a8e-c9cf-8f73fee83b31', '46778a77-f067-6ffd-15bf-3220c04ff144', '1af2c34d-6c38-1b45-277f-072f900acbc1', 'DD05', 82, 'D 105', 'standard', 8, 5500, 'occupied', 'First'),
  ('cf74214b-30b8-215a-3988-9bc765dd9021', '7eebe0d8-f487-6a8e-c9cf-8f73fee83b31', '46778a77-f067-6ffd-15bf-3220c04ff144', '1af2c34d-6c38-1b45-277f-072f900acbc1', 'DD06', 83, 'D106', 'standard', 8, 5500, 'occupied', 'First'),
  ('4ebfb1da-60ee-feef-6a43-9d5787e40289', '7eebe0d8-f487-6a8e-c9cf-8f73fee83b31', '46778a77-f067-6ffd-15bf-3220c04ff144', '1af2c34d-6c38-1b45-277f-072f900acbc1', 'DD07', 84, 'D 107', 'bartawi', 8, 0, 'bartawi_use', 'First'),
  ('ea49f842-662c-e07b-9885-8fd74bb347fe', '7eebe0d8-f487-6a8e-c9cf-8f73fee83b31', '46778a77-f067-6ffd-15bf-3220c04ff144', '1af2c34d-6c38-1b45-277f-072f900acbc1', 'DD08', 85, 'D108', 'standard', 7, 5500, 'occupied', 'First'),
  ('c72c9a3b-4641-1441-f5b3-7d252925ec13', '7eebe0d8-f487-6a8e-c9cf-8f73fee83b31', '46778a77-f067-6ffd-15bf-3220c04ff144', '1af2c34d-6c38-1b45-277f-072f900acbc1', 'DD09', 86, 'D109', 'standard', 7, 5500, 'occupied', 'First'),
  ('0839f7ad-0daa-66a4-a84a-324366d09ece', '7eebe0d8-f487-6a8e-c9cf-8f73fee83b31', '46778a77-f067-6ffd-15bf-3220c04ff144', '1af2c34d-6c38-1b45-277f-072f900acbc1', 'DD10', 87, 'D110', 'standard', 6, 4400, 'occupied', 'First'),
  ('b2d8abc4-5d28-c551-209e-ab90ed4d4bfd', '7eebe0d8-f487-6a8e-c9cf-8f73fee83b31', '46778a77-f067-6ffd-15bf-3220c04ff144', '1af2c34d-6c38-1b45-277f-072f900acbc1', 'DD11', 88, 'D111', 'standard', 6, 4400, 'occupied', 'First'),
  ('b00028ec-dd89-97e8-df74-bd3e2a49d878', '7eebe0d8-f487-6a8e-c9cf-8f73fee83b31', '46778a77-f067-6ffd-15bf-3220c04ff144', '1af2c34d-6c38-1b45-277f-072f900acbc1', 'DD12', 89, 'D112', 'bartawi', 8, 0, 'bartawi_use', 'First'),
  ('5521569e-6339-6e09-7b48-d626b4f1839f', '7eebe0d8-f487-6a8e-c9cf-8f73fee83b31', '46778a77-f067-6ffd-15bf-3220c04ff144', '1af2c34d-6c38-1b45-277f-072f900acbc1', 'DD13', 90, 'D113', 'bartawi', 9, 0, 'bartawi_use', 'First'),
  ('592c8d2a-3e9a-d60e-898f-a4ff141eccfd', '7eebe0d8-f487-6a8e-c9cf-8f73fee83b31', '46778a77-f067-6ffd-15bf-3220c04ff144', '1af2c34d-6c38-1b45-277f-072f900acbc1', 'DD14', 91, 'D114', 'standard', 8, 0, 'occupied', 'First'),
  ('81be3ee1-915a-53b2-357c-446b94dbda2f', '7eb52e12-a967-400c-5037-c798235fe7fd', '697470d6-59aa-9d24-e671-d1c313e55b51', '1af2c34d-6c38-1b45-277f-072f900acbc1', 'E01', 92, 'E01', 'standard', 3, 5500, 'occupied', 'Ground'),
  ('64db2470-ca51-344a-4567-13ac5fc2c879', '7eb52e12-a967-400c-5037-c798235fe7fd', '697470d6-59aa-9d24-e671-d1c313e55b51', '1af2c34d-6c38-1b45-277f-072f900acbc1', 'E02', 93, 'E02', 'bartawi', 7, 0, 'bartawi_use', 'Ground'),
  ('f19d1d72-cf01-6495-c871-ab98b64d303e', '7eb52e12-a967-400c-5037-c798235fe7fd', '697470d6-59aa-9d24-e671-d1c313e55b51', '1af2c34d-6c38-1b45-277f-072f900acbc1', 'E03', 94, 'E03', 'bartawi', 8, 0, 'bartawi_use', 'Ground'),
  ('7de2d3d3-2c52-3793-8413-f29c37975b24', '7eb52e12-a967-400c-5037-c798235fe7fd', '697470d6-59aa-9d24-e671-d1c313e55b51', '1af2c34d-6c38-1b45-277f-072f900acbc1', 'E04', 95, 'E04', 'standard', 10, 5500, 'occupied', 'Ground'),
  ('d55467cd-3cad-6923-858b-acb77062ddef', '7eb52e12-a967-400c-5037-c798235fe7fd', '697470d6-59aa-9d24-e671-d1c313e55b51', '1af2c34d-6c38-1b45-277f-072f900acbc1', 'E05', 96, 'E05', 'standard', 6, 3600, 'occupied', 'Ground'),
  ('69c04e2c-9258-9bb9-44cd-68831ad9f0fe', '7eb52e12-a967-400c-5037-c798235fe7fd', '697470d6-59aa-9d24-e671-d1c313e55b51', '1af2c34d-6c38-1b45-277f-072f900acbc1', 'E06', 97, 'E06', 'standard', 6, 3600, 'occupied', 'Ground'),
  ('b884a8a2-24ab-ce48-7346-a26f77257923', '7eb52e12-a967-400c-5037-c798235fe7fd', '697470d6-59aa-9d24-e671-d1c313e55b51', '1af2c34d-6c38-1b45-277f-072f900acbc1', 'E07', 98, 'E07', 'standard', 6, 3600, 'occupied', 'Ground'),
  ('ecdc569d-507a-6702-6cf3-63af1f969214', '7eb52e12-a967-400c-5037-c798235fe7fd', '697470d6-59aa-9d24-e671-d1c313e55b51', '1af2c34d-6c38-1b45-277f-072f900acbc1', 'E08', 99, 'E08', 'standard', 8, 2350, 'occupied', 'Ground'),
  ('2e72b5d0-5481-b00f-198e-528f725755d4', '7eb52e12-a967-400c-5037-c798235fe7fd', '697470d6-59aa-9d24-e671-d1c313e55b51', '1af2c34d-6c38-1b45-277f-072f900acbc1', 'E09', 100, 'E09', 'standard', 1, 2350, 'occupied', 'Ground'),
  ('70bed9b9-5f9c-d6ab-3189-ee63e269cbe9', '7eb52e12-a967-400c-5037-c798235fe7fd', '697470d6-59aa-9d24-e671-d1c313e55b51', '1af2c34d-6c38-1b45-277f-072f900acbc1', 'E10', 101, 'E10', 'standard', 1, 2350, 'occupied', 'Ground'),
  ('6a65048c-9bfd-3a73-5b10-bff3e6992725', '7eb52e12-a967-400c-5037-c798235fe7fd', '697470d6-59aa-9d24-e671-d1c313e55b51', '1af2c34d-6c38-1b45-277f-072f900acbc1', 'E11', 102, 'E11', 'standard', 6, 5500, 'occupied', 'Ground'),
  ('2b045874-fc2e-5cf9-6cdb-1cdb93934cb3', '7eb52e12-a967-400c-5037-c798235fe7fd', '697470d6-59aa-9d24-e671-d1c313e55b51', '1af2c34d-6c38-1b45-277f-072f900acbc1', 'E12', 103, 'E12', 'standard', 7, 5500, 'occupied', 'Ground'),
  ('21541a32-fd75-b837-70de-c6b638851b7f', '7eb52e12-a967-400c-5037-c798235fe7fd', '697470d6-59aa-9d24-e671-d1c313e55b51', '1af2c34d-6c38-1b45-277f-072f900acbc1', 'E13', 104, 'E13', 'standard', 4, 5500, 'occupied', 'Ground'),
  ('b20c4a76-3853-a44d-3a09-96c4a8c637a6', '7eb52e12-a967-400c-5037-c798235fe7fd', '697470d6-59aa-9d24-e671-d1c313e55b51', '1af2c34d-6c38-1b45-277f-072f900acbc1', 'E14', 105, 'E14', 'bartawi', 4, 0, 'bartawi_use', 'Ground'),
  ('43c4b3b0-240e-45f2-a465-027c62765831', '44a400d3-11d2-f02c-9905-3511c354a736', '697470d6-59aa-9d24-e671-d1c313e55b51', '1af2c34d-6c38-1b45-277f-072f900acbc1', 'EE01', 106, 'E101', 'bartawi', 8, 0, 'bartawi_use', 'First'),
  ('b099291a-b655-e181-601f-0e993d8f57ec', '44a400d3-11d2-f02c-9905-3511c354a736', '697470d6-59aa-9d24-e671-d1c313e55b51', '1af2c34d-6c38-1b45-277f-072f900acbc1', 'EE02', 107, 'E102', 'standard', 8, 4500, 'occupied', 'First'),
  ('bce7b8d0-4971-cc4b-ecdb-0c8bc4333ab5', '44a400d3-11d2-f02c-9905-3511c354a736', '697470d6-59aa-9d24-e671-d1c313e55b51', '1af2c34d-6c38-1b45-277f-072f900acbc1', 'EE03', 108, 'E103', 'standard', 8, 4500, 'occupied', 'First'),
  ('cb38b2cf-00f6-a22e-a25b-c40ec62c1a09', '44a400d3-11d2-f02c-9905-3511c354a736', '697470d6-59aa-9d24-e671-d1c313e55b51', '1af2c34d-6c38-1b45-277f-072f900acbc1', 'EE04', 109, 'E 104', 'standard', 7, 5500, 'occupied', 'First'),
  ('bac4f5ea-e90a-f6ef-942c-fe15b8efbe2a', '44a400d3-11d2-f02c-9905-3511c354a736', '697470d6-59aa-9d24-e671-d1c313e55b51', '1af2c34d-6c38-1b45-277f-072f900acbc1', 'EE05', 110, 'E105', 'bartawi', 8, 0, 'bartawi_use', 'First'),
  ('2b4d7471-043d-524b-0ea5-f99e9736316c', '44a400d3-11d2-f02c-9905-3511c354a736', '697470d6-59aa-9d24-e671-d1c313e55b51', '1af2c34d-6c38-1b45-277f-072f900acbc1', 'EE06', 111, 'E106', 'bartawi', 8, 0, 'bartawi_use', 'First'),
  ('c029b6cf-869c-7e62-61f1-8f9f22f06f9d', '44a400d3-11d2-f02c-9905-3511c354a736', '697470d6-59aa-9d24-e671-d1c313e55b51', '1af2c34d-6c38-1b45-277f-072f900acbc1', 'EE07', 112, 'E107', 'bartawi', 7, 0, 'bartawi_use', 'First'),
  ('fe75e338-9e27-f72d-2aa8-593abe919b9d', '44a400d3-11d2-f02c-9905-3511c354a736', '697470d6-59aa-9d24-e671-d1c313e55b51', '1af2c34d-6c38-1b45-277f-072f900acbc1', 'EE08', 113, 'E108', 'standard', 3, 2350, 'occupied', 'First'),
  ('aa7bacc6-dc27-a556-d46c-96413a96ba9c', '44a400d3-11d2-f02c-9905-3511c354a736', '697470d6-59aa-9d24-e671-d1c313e55b51', '1af2c34d-6c38-1b45-277f-072f900acbc1', 'EE09', 114, 'E109', 'standard', 5, 2350, 'occupied', 'First'),
  ('604c962f-6b37-3d08-1041-4f75b979caff', '44a400d3-11d2-f02c-9905-3511c354a736', '697470d6-59aa-9d24-e671-d1c313e55b51', '1af2c34d-6c38-1b45-277f-072f900acbc1', 'EE10', 115, 'E110', 'standard', 6, 2350, 'occupied', 'First'),
  ('d873449f-4749-c77b-ad3f-ccc29607a26e', '44a400d3-11d2-f02c-9905-3511c354a736', '697470d6-59aa-9d24-e671-d1c313e55b51', '1af2c34d-6c38-1b45-277f-072f900acbc1', 'EE11', 116, 'E111', 'standard', 5, 2350, 'occupied', 'First'),
  ('86a91418-4a55-6589-3a57-21d0ef5d6db7', '44a400d3-11d2-f02c-9905-3511c354a736', '697470d6-59aa-9d24-e671-d1c313e55b51', '1af2c34d-6c38-1b45-277f-072f900acbc1', 'EE12', 117, 'E112', 'standard', 7, 2350, 'occupied', 'First'),
  ('a4093cdd-4abc-52cc-5163-3826c52f9e2a', '44a400d3-11d2-f02c-9905-3511c354a736', '697470d6-59aa-9d24-e671-d1c313e55b51', '1af2c34d-6c38-1b45-277f-072f900acbc1', 'EE13', 118, 'E113', 'standard', 4, 2350, 'occupied', 'First'),
  ('c2f7bc25-ab18-667f-7085-d6a258e3fb61', '44a400d3-11d2-f02c-9905-3511c354a736', '697470d6-59aa-9d24-e671-d1c313e55b51', '1af2c34d-6c38-1b45-277f-072f900acbc1', 'EE14', 119, 'E114', 'standard', 5, 2350, 'occupied', 'First'),
  ('53a60fac-22f9-3ddb-dc0f-43c8dfea5273', '17d7db1e-64b0-684f-333f-62e264f097ee', '24b6ae71-61ad-4539-2905-24f59cf1f531', '1af2c34d-6c38-1b45-277f-072f900acbc1', 'F01', 120, 'F04D', 'service', 8, 0, 'vacant', 'Ground'),
  ('5d23a7f7-d37a-8310-39bd-13908f16d93b', '17d7db1e-64b0-684f-333f-62e264f097ee', '24b6ae71-61ad-4539-2905-24f59cf1f531', '1af2c34d-6c38-1b45-277f-072f900acbc1', 'F02', 121, 'F01', 'standard', 6, 3600, 'occupied', 'Ground'),
  ('91ab3836-c563-cbbd-f950-369f19f3a855', '17d7db1e-64b0-684f-333f-62e264f097ee', '24b6ae71-61ad-4539-2905-24f59cf1f531', '1af2c34d-6c38-1b45-277f-072f900acbc1', 'F03', 122, '', 'standard', 10, 5500, 'occupied', 'Ground'),
  ('0c5c5b0d-57d2-1fd9-2dba-5bfa94c8d2db', '17d7db1e-64b0-684f-333f-62e264f097ee', '24b6ae71-61ad-4539-2905-24f59cf1f531', '1af2c34d-6c38-1b45-277f-072f900acbc1', 'F04', 123, 'F03D', 'standard', 10, 4500, 'occupied', 'Ground'),
  ('c2141ac9-e3a9-a062-eee7-5313f5829a9e', '17d7db1e-64b0-684f-333f-62e264f097ee', '24b6ae71-61ad-4539-2905-24f59cf1f531', '1af2c34d-6c38-1b45-277f-072f900acbc1', 'F05', 124, '', 'standard', 9, 4500, 'occupied', 'Ground'),
  ('8829a458-7de0-c759-fc68-d30abeb1994e', '7e8e43f1-1a0b-a288-6364-4cd1aaf08eb4', '24b6ae71-61ad-4539-2905-24f59cf1f531', '1af2c34d-6c38-1b45-277f-072f900acbc1', 'FF01', 125, 'NEW', 'service', 8, 0, 'vacant', 'Ground'),
  ('ee259dc1-4a1d-c734-d4fc-5cee1fab897f', '7e8e43f1-1a0b-a288-6364-4cd1aaf08eb4', '24b6ae71-61ad-4539-2905-24f59cf1f531', '1af2c34d-6c38-1b45-277f-072f900acbc1', 'FF02', 126, 'F101 A', 'standard', 7, 5500, 'occupied', 'First'),
  ('47d1e562-cc82-8a64-ea69-5362bf3fc9c2', '7e8e43f1-1a0b-a288-6364-4cd1aaf08eb4', '24b6ae71-61ad-4539-2905-24f59cf1f531', '1af2c34d-6c38-1b45-277f-072f900acbc1', 'FF03', 127, 'F101', 'standard', 5, 2350, 'occupied', 'First'),
  ('ad8219fb-d54b-521a-c801-6929b29e9ca3', '7e8e43f1-1a0b-a288-6364-4cd1aaf08eb4', '24b6ae71-61ad-4539-2905-24f59cf1f531', '1af2c34d-6c38-1b45-277f-072f900acbc1', 'FF04', 128, 'F102', 'standard', 3, 2350, 'occupied', 'First'),
  ('1a0e1f51-dd5c-819f-c05e-65b347454acb', '7e8e43f1-1a0b-a288-6364-4cd1aaf08eb4', '24b6ae71-61ad-4539-2905-24f59cf1f531', '1af2c34d-6c38-1b45-277f-072f900acbc1', 'FF05', 129, 'F103', 'standard', 4, 2350, 'occupied', 'First'),
  ('104acb2e-e99c-0b6d-3c22-f9dfcd2ae33b', '1d5c9b91-321c-1a36-39d2-23514b4f980d', 'c3e99c5d-58fa-5c4b-4329-cb61c0d288f5', '1af2c34d-6c38-1b45-277f-072f900acbc1', 'S01', 130, 'S06', 'commercial', 8, 6500, 'occupied', 'Ground'),
  ('6616fc0c-c789-728c-4bc7-b10e3a8bb8d2', 'd9b1cd76-74af-2b98-217b-95ddd63ddbba', 'c3e99c5d-58fa-5c4b-4329-cb61c0d288f5', '1af2c34d-6c38-1b45-277f-072f900acbc1', 'SS01', 131, 'S101', 'bartawi', 14, 0, 'bartawi_use', 'First'),
  ('5e204b76-a999-63ad-3865-0d587d072993', 'd9b1cd76-74af-2b98-217b-95ddd63ddbba', 'c3e99c5d-58fa-5c4b-4329-cb61c0d288f5', '1af2c34d-6c38-1b45-277f-072f900acbc1', 'SS02', 132, 'S102', 'standard', 8, 5500, 'occupied', 'First'),
  ('d04ea037-695e-da16-44d4-c55db6e16417', 'd9b1cd76-74af-2b98-217b-95ddd63ddbba', 'c3e99c5d-58fa-5c4b-4329-cb61c0d288f5', '1af2c34d-6c38-1b45-277f-072f900acbc1', 'SS03', 133, 'S103', 'standard', 10, 4500, 'occupied', 'First'),
  ('c601511c-04f3-ed7b-e66c-ddb492e13cfb', 'd9b1cd76-74af-2b98-217b-95ddd63ddbba', 'c3e99c5d-58fa-5c4b-4329-cb61c0d288f5', '1af2c34d-6c38-1b45-277f-072f900acbc1', 'SS04', 134, 'S104', 'bartawi', 16, 0, 'bartawi_use', 'First'),
  ('7c353559-9129-3f47-6364-8683e67bb0ce', 'd9b1cd76-74af-2b98-217b-95ddd63ddbba', 'c3e99c5d-58fa-5c4b-4329-cb61c0d288f5', '1af2c34d-6c38-1b45-277f-072f900acbc1', 'SS05', 135, 'S105', 'bartawi', 14, 0, 'bartawi_use', 'First'),
  ('0ca7cddf-304c-ae58-1ab8-b7a4d851dcd6', 'd9b1cd76-74af-2b98-217b-95ddd63ddbba', 'c3e99c5d-58fa-5c4b-4329-cb61c0d288f5', '1af2c34d-6c38-1b45-277f-072f900acbc1', 'SS06', 136, 'S106', 'standard', 7, 7800, 'occupied', 'First'),
  ('f1103034-4fcc-d666-c693-7cfefdf26656', '5d74d5a0-6ba8-48f1-fb7b-0e4ae9f35dd2', '666b976c-ac52-f3f4-029a-636ee3aa11bf', '1af2c34d-6c38-1b45-277f-072f900acbc1', 'U01', 137, 'U01', 'standard', 8, 3600, 'occupied', 'Ground'),
  ('1bba0ca6-9fba-8fbf-8064-b5f5c8ab422c', '5d74d5a0-6ba8-48f1-fb7b-0e4ae9f35dd2', '666b976c-ac52-f3f4-029a-636ee3aa11bf', '1af2c34d-6c38-1b45-277f-072f900acbc1', 'U02', 138, 'U02', 'standard', 8, 3600, 'occupied', 'Ground'),
  ('eb9cff5e-1025-5ed1-132b-34dbcb9e242b', '5d74d5a0-6ba8-48f1-fb7b-0e4ae9f35dd2', '666b976c-ac52-f3f4-029a-636ee3aa11bf', '1af2c34d-6c38-1b45-277f-072f900acbc1', 'U03', 139, 'U03', 'standard', 7, 3600, 'occupied', 'Ground'),
  ('c90fd948-f4bf-2cad-36db-9d022587fdb2', '5d74d5a0-6ba8-48f1-fb7b-0e4ae9f35dd2', '666b976c-ac52-f3f4-029a-636ee3aa11bf', '1af2c34d-6c38-1b45-277f-072f900acbc1', 'U04', 140, 'U04', 'standard', 8, 3600, 'occupied', 'Ground'),
  ('d06654e4-e30c-9154-4ffd-b835e9c047e0', '5d74d5a0-6ba8-48f1-fb7b-0e4ae9f35dd2', '666b976c-ac52-f3f4-029a-636ee3aa11bf', '1af2c34d-6c38-1b45-277f-072f900acbc1', 'U05', 141, 'U05', 'standard', 8, 3600, 'occupied', 'Ground'),
  ('0e04666e-f9b5-31e4-21f8-500055f5b36c', '5d74d5a0-6ba8-48f1-fb7b-0e4ae9f35dd2', '666b976c-ac52-f3f4-029a-636ee3aa11bf', '1af2c34d-6c38-1b45-277f-072f900acbc1', 'U06', 142, 'U06', 'standard', 7, 3600, 'occupied', 'Ground'),
  ('66f2dcbc-8660-1728-49d6-ed907c1a30d8', '5d74d5a0-6ba8-48f1-fb7b-0e4ae9f35dd2', '666b976c-ac52-f3f4-029a-636ee3aa11bf', '1af2c34d-6c38-1b45-277f-072f900acbc1', 'U07', 143, 'U07', 'standard', 8, 3600, 'occupied', 'Ground'),
  ('e1cc54e0-04e7-41c9-8cf2-6c034e96ddee', '5d74d5a0-6ba8-48f1-fb7b-0e4ae9f35dd2', '666b976c-ac52-f3f4-029a-636ee3aa11bf', '1af2c34d-6c38-1b45-277f-072f900acbc1', 'U08', 144, 'U08', 'standard', 8, 3600, 'occupied', 'Ground'),
  ('015b06d9-ca78-21ce-f43f-30e758c6f1d1', '5d74d5a0-6ba8-48f1-fb7b-0e4ae9f35dd2', '666b976c-ac52-f3f4-029a-636ee3aa11bf', '1af2c34d-6c38-1b45-277f-072f900acbc1', 'U09', 145, 'U09 ', 'standard', 7, 5500, 'occupied', 'Ground'),
  ('483e6f48-3f6d-45ac-d42a-5a9b4606de24', '5d74d5a0-6ba8-48f1-fb7b-0e4ae9f35dd2', '666b976c-ac52-f3f4-029a-636ee3aa11bf', '1af2c34d-6c38-1b45-277f-072f900acbc1', 'U10', 146, 'U10', 'standard', 8, 3600, 'occupied', 'Ground'),
  ('3bff6527-ec1a-f757-0fc3-f33571e05c9c', '5d74d5a0-6ba8-48f1-fb7b-0e4ae9f35dd2', '666b976c-ac52-f3f4-029a-636ee3aa11bf', '1af2c34d-6c38-1b45-277f-072f900acbc1', 'U11', 147, 'U11', 'standard', 8, 3600, 'occupied', 'Ground'),
  ('dbbc9ebe-4b6d-8960-8120-3e36f87133d3', '5d74d5a0-6ba8-48f1-fb7b-0e4ae9f35dd2', '666b976c-ac52-f3f4-029a-636ee3aa11bf', '1af2c34d-6c38-1b45-277f-072f900acbc1', 'U12', 148, 'U12', 'standard', 8, 3600, 'occupied', 'Ground'),
  ('1c9b951d-9d37-1c51-6016-d82e832c71ad', '5d74d5a0-6ba8-48f1-fb7b-0e4ae9f35dd2', '666b976c-ac52-f3f4-029a-636ee3aa11bf', '1af2c34d-6c38-1b45-277f-072f900acbc1', 'U13', 149, 'U13', 'bartawi', 8, 0, 'bartawi_use', 'Ground'),
  ('8ba22f81-9638-d739-b145-be838909ea9c', '5d74d5a0-6ba8-48f1-fb7b-0e4ae9f35dd2', '666b976c-ac52-f3f4-029a-636ee3aa11bf', '1af2c34d-6c38-1b45-277f-072f900acbc1', 'U14', 150, 'U14 D', 'standard', 8, 3600, 'occupied', 'Ground'),
  ('98585ef1-3bd1-4240-b431-bdc081f63c5e', '5d74d5a0-6ba8-48f1-fb7b-0e4ae9f35dd2', '666b976c-ac52-f3f4-029a-636ee3aa11bf', '1af2c34d-6c38-1b45-277f-072f900acbc1', 'U15', 151, 'U15D', 'standard', 8, 5500, 'occupied', 'Ground'),
  ('5faeeca8-398c-a31a-ace4-32cae7083c0b', '5d74d5a0-6ba8-48f1-fb7b-0e4ae9f35dd2', '666b976c-ac52-f3f4-029a-636ee3aa11bf', '1af2c34d-6c38-1b45-277f-072f900acbc1', 'U16', 152, '', 'commercial', 7, 3400, 'occupied', 'Ground'),
  ('3413c2fa-a007-8cb2-6831-8ebab9266ec3', '5d74d5a0-6ba8-48f1-fb7b-0e4ae9f35dd2', '666b976c-ac52-f3f4-029a-636ee3aa11bf', '1af2c34d-6c38-1b45-277f-072f900acbc1', 'U17', 153, '', 'commercial', 6, 3400, 'occupied', 'Ground'),
  ('66e3c4ad-b39d-b0e5-c36e-329d42665e4c', '5d74d5a0-6ba8-48f1-fb7b-0e4ae9f35dd2', '666b976c-ac52-f3f4-029a-636ee3aa11bf', '1af2c34d-6c38-1b45-277f-072f900acbc1', 'U18', 154, '', 'commercial', 8, 3400, 'occupied', 'Ground'),
  ('1971ae05-af47-da6d-4226-025ab090e65e', '5d74d5a0-6ba8-48f1-fb7b-0e4ae9f35dd2', '666b976c-ac52-f3f4-029a-636ee3aa11bf', '1af2c34d-6c38-1b45-277f-072f900acbc1', 'U19', 155, '', 'commercial', 5, 3400, 'occupied', 'Ground'),
  ('28ea425c-7f59-ca13-9d65-b1ba67e320ed', '83d89dbb-69d8-4223-d494-285fa451a77e', '666b976c-ac52-f3f4-029a-636ee3aa11bf', '1af2c34d-6c38-1b45-277f-072f900acbc1', 'UU01', 156, 'U101', 'standard', 7, 3600, 'occupied', 'First'),
  ('9574ff82-0a29-8b84-2e41-f53c2e14251a', '83d89dbb-69d8-4223-d494-285fa451a77e', '666b976c-ac52-f3f4-029a-636ee3aa11bf', '1af2c34d-6c38-1b45-277f-072f900acbc1', 'UU02', 157, 'U102', 'standard', 7, 3600, 'occupied', 'First'),
  ('0dfd1bca-00cc-0703-f51a-374be58729c7', '83d89dbb-69d8-4223-d494-285fa451a77e', '666b976c-ac52-f3f4-029a-636ee3aa11bf', '1af2c34d-6c38-1b45-277f-072f900acbc1', 'UU03', 158, 'U103', 'standard', 8, 3600, 'occupied', 'First'),
  ('2eebb59a-e367-dded-79d5-05437c4d702e', '83d89dbb-69d8-4223-d494-285fa451a77e', '666b976c-ac52-f3f4-029a-636ee3aa11bf', '1af2c34d-6c38-1b45-277f-072f900acbc1', 'UU04', 159, 'U104', 'standard', 5, 3600, 'occupied', 'First'),
  ('721743de-f134-af6f-adfb-4087f664ae3d', '83d89dbb-69d8-4223-d494-285fa451a77e', '666b976c-ac52-f3f4-029a-636ee3aa11bf', '1af2c34d-6c38-1b45-277f-072f900acbc1', 'UU05', 160, 'U105', 'standard', 3, 5500, 'occupied', 'First'),
  ('d5356fd5-b492-3f65-86f8-828daa337552', '83d89dbb-69d8-4223-d494-285fa451a77e', '666b976c-ac52-f3f4-029a-636ee3aa11bf', '1af2c34d-6c38-1b45-277f-072f900acbc1', 'UU06', 161, 'U106', 'standard', 6, 5500, 'occupied', 'First'),
  ('50abe551-16a9-aed8-b779-1a26bd0a29ee', '83d89dbb-69d8-4223-d494-285fa451a77e', '666b976c-ac52-f3f4-029a-636ee3aa11bf', '1af2c34d-6c38-1b45-277f-072f900acbc1', 'UU07', 162, 'U107', 'standard', 7, 5500, 'occupied', 'First'),
  ('55e74b42-fcd8-f09c-f8cf-e01d2a7fde4f', '83d89dbb-69d8-4223-d494-285fa451a77e', '666b976c-ac52-f3f4-029a-636ee3aa11bf', '1af2c34d-6c38-1b45-277f-072f900acbc1', 'UU08', 163, 'U108', 'standard', 6, 3800, 'occupied', 'First'),
  ('47e9438b-1dbc-efbb-4b36-365883bac87c', '83d89dbb-69d8-4223-d494-285fa451a77e', '666b976c-ac52-f3f4-029a-636ee3aa11bf', '1af2c34d-6c38-1b45-277f-072f900acbc1', 'UU09', 164, 'U109', 'standard', 6, 3800, 'occupied', 'First'),
  ('a7ef3f2d-a444-45b0-ff57-1b16f40fc9dd', '83d89dbb-69d8-4223-d494-285fa451a77e', '666b976c-ac52-f3f4-029a-636ee3aa11bf', '1af2c34d-6c38-1b45-277f-072f900acbc1', 'UU10', 165, 'U110', 'bartawi', 8, 0, 'bartawi_use', 'First'),
  ('ce29b8ff-1015-3ad5-b4a5-4534c2a860c2', '83d89dbb-69d8-4223-d494-285fa451a77e', '666b976c-ac52-f3f4-029a-636ee3aa11bf', '1af2c34d-6c38-1b45-277f-072f900acbc1', 'UU11', 166, 'U111', 'standard', 7, 3800, 'occupied', 'First'),
  ('c3cb2a0f-554d-f6b3-5adb-561c300f36d4', '83d89dbb-69d8-4223-d494-285fa451a77e', '666b976c-ac52-f3f4-029a-636ee3aa11bf', '1af2c34d-6c38-1b45-277f-072f900acbc1', 'UU12', 167, 'U112', 'standard', 8, 5500, 'occupied', 'First'),
  ('3ed5cc87-0a50-cb27-2c3e-3b2433c51047', '83d89dbb-69d8-4223-d494-285fa451a77e', '666b976c-ac52-f3f4-029a-636ee3aa11bf', '1af2c34d-6c38-1b45-277f-072f900acbc1', 'UU13', 168, 'U113', 'standard', 5, 3600, 'occupied', 'First'),
  ('02de01aa-313e-aaa7-969f-3f58fd19c534', '83d89dbb-69d8-4223-d494-285fa451a77e', '666b976c-ac52-f3f4-029a-636ee3aa11bf', '1af2c34d-6c38-1b45-277f-072f900acbc1', 'UU14', 169, 'U114', 'standard', 8, 5500, 'occupied', 'First'),
  ('173e4af4-f5c9-1675-b6b8-64cb74c1b5ca', '83d89dbb-69d8-4223-d494-285fa451a77e', '666b976c-ac52-f3f4-029a-636ee3aa11bf', '1af2c34d-6c38-1b45-277f-072f900acbc1', 'UU15', 170, 'U115', 'standard', 8, 5500, 'occupied', 'First'),
  ('17a7ae8a-4234-06d9-09a6-07771945e5fc', '83d89dbb-69d8-4223-d494-285fa451a77e', '666b976c-ac52-f3f4-029a-636ee3aa11bf', '1af2c34d-6c38-1b45-277f-072f900acbc1', 'UU16', 171, 'U116', 'standard', 6, 3600, 'occupied', 'First'),
  ('88df63a7-f73a-b6e9-f2c6-39a8a8a2cccb', '83d89dbb-69d8-4223-d494-285fa451a77e', '666b976c-ac52-f3f4-029a-636ee3aa11bf', '1af2c34d-6c38-1b45-277f-072f900acbc1', 'UU17', 172, 'U117', 'standard', 9, 4500, 'occupied', 'First'),
  ('77f4ac2a-6083-4d9d-7fe7-ae4ee417f45c', '83d89dbb-69d8-4223-d494-285fa451a77e', '666b976c-ac52-f3f4-029a-636ee3aa11bf', '1af2c34d-6c38-1b45-277f-072f900acbc1', 'UU18', 173, 'U118', 'commercial', 12, 6500, 'occupied', 'First'),
  ('84d4e61e-ac56-4e7f-bec7-fc78a574f427', '83d89dbb-69d8-4223-d494-285fa451a77e', '666b976c-ac52-f3f4-029a-636ee3aa11bf', '1af2c34d-6c38-1b45-277f-072f900acbc1', 'UU19', 174, 'U119D', 'standard', 6, 5500, 'occupied', 'First'),
  ('8980139f-4d49-8aac-5adb-4fa0513db751', '83d89dbb-69d8-4223-d494-285fa451a77e', '666b976c-ac52-f3f4-029a-636ee3aa11bf', '1af2c34d-6c38-1b45-277f-072f900acbc1', 'UU20', 175, 'U120D ', 'standard', 7, 5500, 'occupied', 'First'),
  ('0afc046b-ae27-310a-61b4-7606bd5495e9', '83d89dbb-69d8-4223-d494-285fa451a77e', '666b976c-ac52-f3f4-029a-636ee3aa11bf', '1af2c34d-6c38-1b45-277f-072f900acbc1', 'UU21', 176, 'U121', 'bartawi', 8, 2420, 'bartawi_use', 'First'),
  ('9791077e-8b80-795e-4f1a-a81106b71ebb', '83d89dbb-69d8-4223-d494-285fa451a77e', '666b976c-ac52-f3f4-029a-636ee3aa11bf', '1af2c34d-6c38-1b45-277f-072f900acbc1', 'UU22', 177, 'U122', 'standard', 9, 4500, 'occupied', 'First'),
  ('cea8da67-c6fb-b39f-e123-208f1b7bca24', '83d89dbb-69d8-4223-d494-285fa451a77e', '666b976c-ac52-f3f4-029a-636ee3aa11bf', '1af2c34d-6c38-1b45-277f-072f900acbc1', 'UU23', 178, 'U123', 'standard', 10, 4500, 'occupied', 'First'),
  ('5fb55ad6-7111-55df-a0ef-67cf0fce1778', '83d89dbb-69d8-4223-d494-285fa451a77e', '666b976c-ac52-f3f4-029a-636ee3aa11bf', '1af2c34d-6c38-1b45-277f-072f900acbc1', 'UU24', 179, 'U124', 'standard', 9, 4500, 'occupied', 'First');

-- ── EXPENSE CATEGORIES ────────────────────────────────────────
INSERT INTO expense_categories (id, tenant_id, name, description) VALUES
  ('b0907608-d8b0-a058-9e73-0512e2115647', 'a17e9d40-a011-a14e-0b0e-67b0a0dbc71f', 'Utilities', 'Water, electricity, gas'),
  ('3a88a462-08c0-c036-a16d-8b4a3ea9ecac', 'a17e9d40-a011-a14e-0b0e-67b0a0dbc71f', 'Maintenance', 'Building maintenance & repairs'),
  ('43f1df17-75f0-ced7-9068-4989c671a7d2', 'a17e9d40-a011-a14e-0b0e-67b0a0dbc71f', 'Staff', 'Staff salaries and allowances'),
  ('7f58d1f4-b99b-6cd1-5668-8f674796dcd3', 'a17e9d40-a011-a14e-0b0e-67b0a0dbc71f', 'Security', 'Security services'),
  ('a54c0d42-669b-c7c7-d9ab-535de582c395', 'a17e9d40-a011-a14e-0b0e-67b0a0dbc71f', 'Cleaning', 'Cleaning and housekeeping'),
  ('4c8976a2-0867-4328-5aba-fc84e4984986', 'a17e9d40-a011-a14e-0b0e-67b0a0dbc71f', 'Insurance', 'Insurance premiums'),
  ('57a96557-9f2a-0a58-cefe-4a3a627662f1', 'a17e9d40-a011-a14e-0b0e-67b0a0dbc71f', 'Admin', 'Administrative and office expenses'),
  ('38a1ab72-9933-3dcd-8391-6cef9d79229e', 'a17e9d40-a011-a14e-0b0e-67b0a0dbc71f', 'Sensor Infra', 'IoT sensor infrastructure (dormant)');

-- ── COMPLAINT CATEGORIES ─────────────────────────────────────
INSERT INTO complaint_categories (id, tenant_id, name, priority_default, is_active) VALUES
  ('7df962f8-1386-2709-f330-80602965d423', 'a17e9d40-a011-a14e-0b0e-67b0a0dbc71f', 'Water Issue', 'high', true),
  ('e1cb1891-e30c-9fe4-b283-b123f6967653', 'a17e9d40-a011-a14e-0b0e-67b0a0dbc71f', 'Electricity', 'high', true),
  ('0cb87ece-433e-3fe7-ca97-beedd9204248', 'a17e9d40-a011-a14e-0b0e-67b0a0dbc71f', 'AC / Cooling', 'medium', true),
  ('959f14b1-e3c3-386d-606d-9715b866d175', 'a17e9d40-a011-a14e-0b0e-67b0a0dbc71f', 'Plumbing', 'medium', true),
  ('3333656b-860b-6b6a-aaa3-dbadd764ef26', 'a17e9d40-a011-a14e-0b0e-67b0a0dbc71f', 'Maintenance', 'medium', true),
  ('70783489-1276-8c55-0e28-1bff4d2d8417', 'a17e9d40-a011-a14e-0b0e-67b0a0dbc71f', 'Hygiene / Cleaning', 'low', true),
  ('6bade353-fbff-f2af-b5b6-9b4866abaf86', 'a17e9d40-a011-a14e-0b0e-67b0a0dbc71f', 'Security', 'high', true),
  ('b75c4ef1-73fa-a186-44ff-4ef449600107', 'a17e9d40-a011-a14e-0b0e-67b0a0dbc71f', 'Noise', 'low', true),
  ('f3e6c45d-2456-8c54-9418-c991189863be', 'a17e9d40-a011-a14e-0b0e-67b0a0dbc71f', 'Other', 'medium', true);

-- ── SENSOR TYPES (IoT pipeline — dormant) ────────────────────
INSERT INTO sensor_types (id, name, unit, description) VALUES
  ('58344024-238c-2957-ff44-6c9dd74041d9', 'water_flow', 'L/min', 'Water flow rate'),
  ('a8362d47-3c1f-66d8-6a36-9390ed73cea0', 'water_volume', 'm³', 'Cumulative water consumption'),
  ('6d708841-51f6-4a22-d279-b08bf0d8601d', 'electricity_kwh', 'kWh', 'Electricity consumption'),
  ('e0f0eb16-7abf-c9f4-7d62-65d1a508892e', 'electricity_kw', 'kW', 'Electricity demand/load'),
  ('7f6a536e-cc97-e699-9008-b4db4347899e', 'temperature', '°C', 'Ambient temperature'),
  ('0b551311-0ad1-eb10-990f-a4fb73315ef7', 'humidity', '%', 'Relative humidity'),
  ('13684c52-0533-ba28-c7a1-94857567f5ab', 'occupancy_count', 'persons', 'Occupancy count via motion'),
  ('55992700-8c3f-6f9f-c57d-455c839f8396', 'pressure_psi', 'psi', 'Water pipe pressure'),
  ('833c3800-e559-4532-4dbe-2fd9459d3315', 'door_event', 'event', 'Door open/close event');

-- ── MAP LAYOUTS (waiting for layout paper) ───────────────────
INSERT INTO map_layouts (id, camp_id, version, canvas_width, canvas_height, is_configured) VALUES
  ('d2bd2fd1-9857-09f3-80b8-f57bd93e48c1', '4c935f2b-23b9-b94c-99ca-cb2ee0620045', 1, 1400, 900, false),
  ('ad28e6b6-7bbd-31f2-a05d-2e70a8cbb9e9', '1af2c34d-6c38-1b45-277f-072f900acbc1', 1, 1400, 900, false);

-- ── FEATURE FLAGS ────────────────────────────────────────────
INSERT INTO feature_flags (id, tenant_id, flag_key, flag_name, description, is_enabled) VALUES
  ('e6717f6e-db06-45cc-3cb7-e9c76341ef9a', 'a17e9d40-a011-a14e-0b0e-67b0a0dbc71f', 'tenant_self_service_complaints', 'Tenant Self-Service Complaints', 'Allow tenants to submit complaints via QR code. Activates QR code UI and complaint submission endpoint.', false),
  ('793ecfb1-9676-5872-6cd2-fa43550783a6', 'a17e9d40-a011-a14e-0b0e-67b0a0dbc71f', 'iot_sensor_pipeline', 'IoT Sensor Pipeline', 'Enable sensor data ingestion from hardware. Activates /api/sensors/ingest endpoint and sensor dashboard widgets.', false),
  ('56d1ddbf-ce87-bfb0-2699-8ee8f133e724', 'a17e9d40-a011-a14e-0b0e-67b0a0dbc71f', 'sensor_anomaly_alerts', 'Sensor Anomaly Alerts', 'Send alerts when sensor readings exceed defined thresholds.', false),
  ('f5cd422a-3164-1002-0cc3-8209301ec9f4', 'a17e9d40-a011-a14e-0b0e-67b0a0dbc71f', 'mobile_app_access', 'Mobile App Access', 'Enable mobile app features and push notification endpoints.', false),
  ('b6c961fc-05bc-5ca6-cd7f-0552dccf0a32', 'a17e9d40-a011-a14e-0b0e-67b0a0dbc71f', 'multi_tenant_saas', 'Multi-Tenant SaaS Mode', 'Enable multi-tenant SaaS features for external clients.', false),
  ('576487d8-1a3d-f532-41d0-0ab9b5d446bc', 'a17e9d40-a011-a14e-0b0e-67b0a0dbc71f', 'contract_auto_alerts', 'Contract Expiry Auto-Alerts', 'Automatically generate alerts 90/60/30 days before contract expiry.', true),
  ('99ed4d8b-b1ce-b49a-1f75-ff2a72af3f21', 'a17e9d40-a011-a14e-0b0e-67b0a0dbc71f', 'payment_overdue_alerts', 'Payment Overdue Alerts', 'Alert staff when room balance remains outstanding.', true),
  ('667f3a46-6730-bf3c-a81b-b34394315428', 'a17e9d40-a011-a14e-0b0e-67b0a0dbc71f', 'monthly_report_generation', 'Monthly Report Generation', 'Auto-generate monthly financial summary reports.', true);
